featureid,features,propertyType,yearBuilt,zoning
0,"{""architectureType"": ""Condo / Apartment"", ""unitCount"": 1}",Condo,1987.0,PRVD
1,"{""cooling"": true, ""coolingType"": ""Central"", ""exteriorType"": ""Wood"", ""fireplace"": true, ""fireplaceType"": ""Single"", ""floorCount"": 1, ""foundationType"": ""Slab"", ""garage"": true, ""garageSpaces"": 2, ""garageType"": ""Attached Garage"", ""heating"": true, ""heatingType"": ""Central"", ""roofType"": ""Shingle (Not Wood)"", ""unitCount"": 1}",Single Family,1994.0,unkown
2,{},unkown,0.0,unkown
3,"{""architectureType"": ""Colonial"", ""cooling"": true, ""coolingType"": ""Central"", ""exteriorType"": ""Aluminum / Vinyl Siding"", ""floorCount"": 2, ""garage"": true, ""garageSpaces"": 1, ""garageType"": ""Detached"", ""heating"": true, ""heatingType"": ""Central"", ""roomCount"": 6, ""unitCount"": 1}",Single Family,1919.0,unkown
4,"{""garage"": true, ""garageSpaces"": 2, ""garageType"": ""Garage"", ""unitCount"": 1}",Single Family,2005.0,R-1:SINGLE FAM-RES
5,"{""architectureType"": ""Condo / Apartment"", ""floorCount"": 1, ""garage"": true, ""garageSpaces"": 1, ""garageType"": ""Garage"", ""heating"": true, ""heatingType"": ""Central"", ""pool"": true, ""roomCount"": 8, ""unitCount"": 1}",Condo,1974.0,LMUD*
6,"{""architectureType"": ""Split Level"", ""cooling"": true, ""coolingType"": ""Central"", ""exteriorType"": ""Aluminum / Vinyl Siding"", ""floorCount"": 1, ""foundationType"": ""Block"", ""garage"": true, ""garageType"": ""Attached"", ""heating"": true, ""heatingType"": ""Forced Air"", ""roofType"": ""Asphalt""}",Single Family,1980.0,unkown
7,"{""cooling"": true, ""coolingType"": ""Central"", ""exteriorType"": ""Stucco"", ""floorCount"": 2, ""garage"": true, ""garageSpaces"": 2, ""garageType"": ""Built-in"", ""heating"": true, ""heatingType"": ""Forced Air"", ""roofType"": ""Tile"", ""roomCount"": 7}",Single Family,2010.0,unkown
8,"{""cooling"": true, ""coolingType"": ""Central"", ""exteriorType"": ""Brick Veneer"", ""fireplace"": true, ""floorCount"": 1, ""foundationType"": ""Slab / Mat / Raft"", ""garage"": true, ""garageSpaces"": 2, ""garageType"": ""Attached"", ""heating"": true, ""heatingType"": ""Central"", ""roofType"": ""Composition Shingle"", ""unitCount"": 1}",Single Family,1986.0,Z372
9,"{""garage"": true, ""garageSpaces"": 2, ""garageType"": ""Garage"", ""heating"": true, ""heatingType"": ""Hot Water / Steam""}",Single Family,1911.0,unkown
10,"{""architectureType"": ""Condo / Apartment"", ""cooling"": true, ""coolingType"": ""Commercial"", ""floorCount"": 2, ""heating"": true, ""heatingType"": ""Forced Air""}",Condo,1973.0,RM-1
11,"{""architectureType"": ""Condo / Apartment"", ""exteriorType"": ""Brick"", ""floorCount"": 1, ""heating"": true, ""heatingType"": ""Baseboard"", ""roofType"": ""Roll Tar & Gravel"", ""roomCount"": 4, ""unitCount"": 1}",Condo,1972.0,unkown
12,"""unkown""",Single Family,1920.0,unkown
13,"{""architectureType"": ""Ranch"", ""cooling"": true, ""coolingType"": ""Central"", ""exteriorType"": ""OTHER"", ""fireplace"": true, ""floorCount"": 1, ""foundationType"": ""Footing"", ""garage"": true, ""garageType"": ""Detached"", ""heating"": true, ""heatingType"": ""Forced Air"", ""roofType"": ""Wood Shingle""}",Single Family,2019.0,RZL
14,"{""architectureType"": ""Mobile Home"", ""exteriorType"": ""Wood"", ""floorCount"": 1, ""garage"": true, ""garageType"": ""Attached"", ""heating"": true, ""heatingType"": ""Central"", ""roofType"": ""Asphalt"", ""roomCount"": 5, ""unitCount"": 1}",Manufactured,1973.0,1208
15,"{""cooling"": true, ""coolingType"": ""Commercial"", ""heating"": true, ""heatingType"": ""Central"", ""unitCount"": 1}",Single Family,1987.0,LARD3
16,"""unkown""",Land,0.0,unkown
17,"{""cooling"": true, ""coolingType"": ""Central"", ""exteriorType"": ""OTHER"", ""floorCount"": 2, ""foundationType"": ""Slab / Mat / Raft"", ""garage"": true, ""garageType"": ""Garage"", ""heating"": true, ""heatingType"": ""Central"", ""roofType"": ""Composition Shingle"", ""roomCount"": 8}",Single Family,2019.0,001
18,"{""architectureType"": ""Other"", ""cooling"": true, ""coolingType"": ""Central"", ""exteriorType"": ""Aluminum / Vinyl Siding"", ""floorCount"": 1, ""foundationType"": ""Pier"", ""garage"": true, ""garageSpaces"": 2, ""garageType"": ""Carport"", ""heating"": true, ""heatingType"": ""Forced Air"", ""roofType"": ""Asphalt"", ""roomCount"": 6, ""unitCount"": 1}",Single Family,1946.0,unkown
19,"{""architectureType"": ""Traditional"", ""exteriorType"": ""Aluminum / Vinyl Siding"", ""floorCount"": 2, ""garage"": true, ""garageType"": ""Detached"", ""heating"": true, ""heatingType"": ""Forced Air"", ""pool"": true, ""poolType"": ""Pool, Plastic w/ Vinyl Lining"", ""unitCount"": 1}",Single Family,1890.0,02 - SINGLE RESIDENCE
20,"""unkown""",Apartment,0.0,unkown
21,"{""cooling"": true, ""coolingType"": ""Central"", ""fireplace"": true, ""floorCount"": 3, ""garage"": true, ""garageSpaces"": 2, ""garageType"": ""Attached"", ""heating"": true, ""heatingType"": ""Central"", ""roofType"": ""Asphalt"", ""roomCount"": 5, ""unitCount"": 1}",Single Family,1994.0,unkown
22,"{""fireplace"": true, ""floorCount"": 1, ""garage"": true, ""garageSpaces"": 2, ""garageType"": ""Garage"", ""roomCount"": 7, ""unitCount"": 1}",Single Family,1953.0,unkown
23,"{""architectureType"": ""Triplex"", ""floorCount"": 2, ""garage"": true, ""garageType"": ""Garage"", ""unitCount"": 3}",Duplex-Triplex,1920.0,R5
24,"{""cooling"": true, ""coolingType"": ""Refrigeration"", ""exteriorType"": ""Wood"", ""floorCount"": 1, ""garage"": true, ""garageSpaces"": 3, ""garageType"": ""Garage"", ""heating"": true, ""heatingType"": ""Forced Air"", ""roofType"": ""Built-up (Layered Asphalt)"", ""roomCount"": 7, ""unitCount"": 1}",Single Family,1978.0,unkown
25,"{""cooling"": true, ""coolingType"": ""Central"", ""exteriorType"": ""Brick"", ""floorCount"": 1, ""garage"": true, ""garageType"": ""Detached"", ""heating"": true, ""heatingType"": ""Central"", ""unitCount"": 1, ""foundationType"": ""Slab / Mat / Raft""}",Single Family,1978.0,unkown
26,"{""architectureType"": ""Split Level"", ""cooling"": true, ""coolingType"": ""Commercial"", ""exteriorType"": ""Combination"", ""fireplace"": true, ""floorCount"": 3, ""heating"": true, ""heatingType"": ""Heat Pump"", ""roofType"": ""Composition Shingle"", ""roomCount"": 7, ""unitCount"": 1}",Single Family,1968.0,R-3
27,"{""cooling"": true, ""coolingType"": ""Commercial"", ""exteriorType"": ""Metal"", ""floorCount"": 1, ""foundationType"": ""OTHER"", ""garage"": true, ""garageType"": ""Detached"", ""heating"": true, ""roofType"": ""Asphalt"", ""roomCount"": 3}",Single Family,1946.0,unkown
28,"{""architectureType"": ""Ranch"", ""cooling"": true, ""coolingType"": ""Central"", ""exteriorType"": ""Stucco"", ""fireplace"": true, ""floorCount"": 1, ""foundationType"": ""Slab / Mat / Raft"", ""garage"": true, ""garageSpaces"": 2, ""garageType"": ""Garage"", ""heating"": true, ""heatingType"": ""Forced Air"", ""roofType"": ""Wood Shake / Shingle"", ""roomCount"": 10, ""unitCount"": 1}",Single Family,1989.0,P1
29,"""unkown""",Single Family,1967.0,unkown
30,"{""architectureType"": ""Conventional"", ""cooling"": true, ""coolingType"": ""Central"", ""exteriorType"": ""Aluminum / Vinyl Siding"", ""fireplace"": true, ""floorCount"": 2, ""foundationType"": ""Raised"", ""garage"": true, ""garageType"": ""Detached"", ""heating"": true, ""heatingType"": ""Hot Water"", ""roofType"": ""Slate"", ""roomCount"": 11}",Single Family,1917.0,R-8
31,"{""architectureType"": ""Ranch"", ""cooling"": true, ""coolingType"": ""Commercial"", ""exteriorType"": ""Aluminum / Vinyl Siding"", ""floorCount"": 1, ""foundationType"": ""Raised"", ""heating"": true, ""heatingType"": ""Heat Pump"", ""roofType"": ""Composition Shingle"", ""roomCount"": 5, ""unitCount"": 1}",Single Family,1996.0,R-4
32,"{""architectureType"": ""Mobile Home"", ""cooling"": true, ""coolingType"": ""Central"", ""exteriorType"": ""Brick"", ""floorCount"": 1, ""foundationType"": ""Other"", ""heating"": true, ""heatingType"": ""Central"", ""roofType"": ""Asbestos"", ""unitCount"": 1}",Manufactured,2001.0,MDR
33,"{""architectureType"": ""Conventional"", ""cooling"": true, ""coolingType"": ""Commercial"", ""exteriorType"": ""Wood"", ""fireplace"": true, ""floorCount"": 2, ""garage"": true, ""garageSpaces"": 2, ""garageType"": ""Attached Garage"", ""heating"": true, ""heatingType"": ""Forced Air"", ""roofType"": ""Composition Shingle"", ""unitCount"": 1}",Single Family,2004.0,RR
34,"{""cooling"": true, ""coolingType"": ""Commercial"", ""exteriorType"": ""Aluminum / Vinyl Siding"", ""fireplace"": true, ""floorCount"": 1, ""foundationType"": ""Slab / Mat / Raft"", ""garage"": true, ""garageType"": ""Mixed"", ""heating"": true, ""heatingType"": ""Forced Air"", ""roofType"": ""Composition Shingle"", ""unitCount"": 1}",Single Family,1985.0,R4
35,"{""cooling"": true, ""coolingType"": ""Central"", ""exteriorType"": ""Aluminum / Vinyl Siding"", ""fireplace"": true, ""floorCount"": 2, ""foundationType"": ""Retaining Wall"", ""garage"": true, ""garageSpaces"": 2, ""garageType"": ""Attached"", ""heating"": true, ""heatingType"": ""Forced Air"", ""pool"": true, ""poolType"": ""Community Pool"", ""roofType"": ""Asphalt"", ""roomCount"": 6, ""unitCount"": 1}",Single Family,1999.0,unkown
36,"{""floorCount"": 1, ""garage"": true, ""garageType"": ""Attached"", ""unitCount"": 1}",Single Family,1975.0,R-5
37,"{""exteriorType"": ""Wood"", ""floorCount"": 2, ""garage"": true, ""garageType"": ""Attached"", ""unitCount"": 1}",Single Family,1960.0,unkown
38,"{""cooling"": true, ""coolingType"": ""Central"", ""fireplace"": true, ""floorCount"": 2, ""garage"": true, ""garageSpaces"": 1, ""garageType"": ""Garage"", ""heating"": true, ""heatingType"": ""Central"", ""roofType"": ""Wood Shake / Shingle"", ""roomCount"": 6, ""unitCount"": 1}",Single Family,1930.0,R-1
39,"{""exteriorType"": ""Stucco"", ""floorCount"": 1, ""foundationType"": ""OTHER"", ""garage"": true, ""garageType"": ""Garage"", ""roofType"": ""Shingle"", ""unitCount"": 1}",Single Family,2018.0,unkown
40,"""unkown""",Apartment,1998.0,unkown
41,"{""architectureType"": ""Conventional"", ""cooling"": true, ""coolingType"": ""Central"", ""exteriorType"": ""Aluminum / Vinyl Siding"", ""floorCount"": 2, ""foundationType"": ""Raised"", ""garage"": true, ""garageSpaces"": 1, ""garageType"": ""Mixed"", ""heating"": true, ""heatingType"": ""Gravity"", ""roofType"": ""Asphalt"", ""roomCount"": 7}",Single Family,1925.0,C-2
42,"{""architectureType"": ""Split Level"", ""cooling"": true, ""coolingType"": ""Commercial"", ""exteriorType"": ""Wood"", ""fireplace"": true, ""fireplaceType"": ""2 Story"", ""floorCount"": 2, ""garage"": true, ""garageType"": ""Carport"", ""heating"": true, ""heatingType"": ""Forced Air"", ""roofType"": ""Composition Shingle"", ""unitCount"": 1}",Single Family,1970.0,RSF65
43,"{""exteriorType"": ""Brick"", ""fireplace"": true, ""floorCount"": 2, ""garage"": true, ""garageSpaces"": 1, ""garageType"": ""Detached"", ""heating"": true, ""heatingType"": ""Central"", ""roomCount"": 6, ""unitCount"": 1}",Single Family,1904.0,U-TU-B2
44,"""unkown""",Single Family,0.0,unkown
45,"{""architectureType"": ""Conventional"", ""cooling"": true, ""coolingType"": ""Evaporative Cooler"", ""fireplace"": true, ""floorCount"": 1, ""garage"": true, ""garageSpaces"": 1, ""garageType"": ""Carport"", ""heating"": true, ""heatingType"": ""Floor / Wall"", ""roofType"": ""Built-up"", ""roomCount"": 4}",Single Family,1959.0,unkown
46,"{""cooling"": true, ""coolingType"": ""Central"", ""exteriorType"": ""Aluminum / Vinyl Siding"", ""floorCount"": 1, ""foundationType"": ""Block"", ""garage"": true, ""garageSpaces"": 1, ""garageType"": ""Basement"", ""heating"": true, ""heatingType"": ""Central"", ""roofType"": ""Composition Shingle"", ""roomCount"": 6, ""unitCount"": 1}",Single Family,1971.0,R2
47,"{""cooling"": true, ""coolingType"": ""Refrigeration"", ""exteriorType"": ""Block"", ""floorCount"": 1, ""garage"": true, ""garageSpaces"": 2, ""garageType"": ""Carport"", ""heating"": true, ""heatingType"": ""Forced Air"", ""pool"": true, ""roofType"": ""Asphalt"", ""roomCount"": 6, ""unitCount"": 1}",Single Family,1961.0,R-6
48,"{""architectureType"": ""Condo / Apartment"", ""cooling"": true, ""coolingType"": ""Central"", ""exteriorType"": ""Brick"", ""floorCount"": 1, ""heating"": true, ""heatingType"": ""Forced Air"", ""roomCount"": 5, ""unitCount"": 1}",Condo,1957.0,RG2
49,"{""fireplace"": true, ""floorCount"": 1, ""garage"": true, ""garageSpaces"": 1, ""garageType"": ""Garage"", ""heating"": true, ""heatingType"": ""Forced Air"", ""unitCount"": 1}",Single Family,1936.0,unkown
50,"{""exteriorType"": ""Vinyl"", ""fireplace"": true, ""floorCount"": 2, ""heating"": true, ""heatingType"": ""Hot Water"", ""roofType"": ""Asphalt"", ""roomCount"": 10, ""unitCount"": 1}",Single Family,1900.0,B1
51,"{""cooling"": true, ""coolingType"": ""Commercial"", ""exteriorType"": ""Other"", ""floorCount"": 1, ""foundationType"": ""OTHER"", ""garage"": true, ""garageType"": ""Attached"", ""heating"": true, ""heatingType"": ""Central"", ""pool"": true, ""poolType"": ""Pool, Gunite"", ""roofType"": ""Tile"", ""unitCount"": 1}",Single Family,1998.0,unkown
52,"{""exteriorType"": ""Brick"", ""floorCount"": 2, ""heating"": true, ""heatingType"": ""Forced Air"", ""roomCount"": 7, ""unitCount"": 1, ""viewType"": ""Average""}",Single Family,1900.0,RSA3
53,"{""cooling"": true, ""coolingType"": ""Central"", ""exteriorType"": ""Aluminum / Vinyl Siding"", ""floorCount"": 2, ""foundationType"": ""Block"", ""roofType"": ""Composition Shingle"", ""roomCount"": 4, ""architectureType"": ""Townhouse"", ""unitCount"": 1}",Single Family,2019.0,unkown
54,"{""cooling"": true, ""coolingType"": ""Central"", ""exteriorType"": ""Stucco"", ""floorCount"": 1, ""garage"": true, ""garageSpaces"": 2, ""garageType"": ""Garage"", ""heating"": true, ""heatingType"": ""Forced Air"", ""roofType"": ""Composition Shingle"", ""unitCount"": 1}",Single Family,1995.0,R-1A/AN
55,"{""architectureType"": ""Ranch"", ""exteriorType"": ""OTHER"", ""floorCount"": 1, ""foundationType"": ""OTHER"", ""garage"": true, ""garageType"": ""Carport"", ""heating"": true, ""heatingType"": ""Floor / Wall"", ""roofType"": ""Composition Shingle"", ""roomCount"": 6, ""unitCount"": 1}",Single Family,1907.0,unkown
56,"{""cooling"": true, ""coolingType"": ""Central"", ""fireplace"": true, ""floorCount"": 2, ""foundationType"": ""Slab / Mat / Raft"", ""garage"": true, ""garageSpaces"": 1, ""garageType"": ""Garage"", ""heating"": true, ""heatingType"": ""Central"", ""roofType"": ""Wood Shingle"", ""roomCount"": 4}",Condo,2007.0,R-4 (PD)
57,"{""architectureType"": ""Ranch"", ""cooling"": true, ""coolingType"": ""Central"", ""exteriorType"": ""Brick"", ""floorCount"": 1, ""garage"": true, ""garageSpaces"": 2, ""garageType"": ""Garage"", ""heating"": true, ""heatingType"": ""Central"", ""roofType"": ""Shingle"", ""roomCount"": 5, ""unitCount"": 1}",Single Family,1954.0,unkown
58,"{""architectureType"": ""Conventional"", ""cooling"": true, ""coolingType"": ""Commercial"", ""exteriorType"": ""Siding"", ""fireplace"": true, ""fireplaceType"": ""1 Story Brick Chimney"", ""floorCount"": 2, ""garage"": true, ""garageType"": ""Attached"", ""heating"": true, ""heatingType"": ""Forced Air"", ""roofType"": ""Composition Shingle"", ""unitCount"": 1}",Single Family,1972.0,unkown
59,"{""cooling"": true, ""coolingType"": ""Central"", ""fireplace"": true, ""floorCount"": 2, ""foundationType"": ""Slab"", ""heating"": true, ""heatingType"": ""Heat Pump""}",Condo,2001.0,unkown
60,"{""architectureType"": ""Colonial"", ""cooling"": true, ""coolingType"": ""Package"", ""exteriorType"": ""Metal"", ""fireplace"": true, ""floorCount"": 2, ""foundationType"": ""OTHER"", ""garage"": true, ""garageSpaces"": 3, ""garageType"": ""Attached"", ""heating"": true, ""heatingType"": ""Space"", ""roofType"": ""Asphalt"", ""roomCount"": 10, ""unitCount"": 1}",Single Family,2003.0,unkown
61,{},Single Family,0.0,unkown
62,"{""cooling"": true, ""coolingType"": ""Central"", ""exteriorType"": ""Brick"", ""floorCount"": 1, ""garage"": true, ""garageType"": ""Garage"", ""heating"": true, ""heatingType"": ""Central"", ""unitCount"": 1}",Single Family,1957.0,A
63,"{""architectureType"": ""Condo / Apartment"", ""cooling"": true, ""coolingType"": ""Commercial"", ""exteriorType"": ""Brick"", ""foundationType"": ""Slab / Mat / Raft"", ""heating"": true, ""heatingType"": ""Forced Air"", ""roofType"": ""OTHER"", ""roomCount"": 3}",Condo,2020.0,unkown
64,"{""architectureType"": ""Conventional"", ""cooling"": true, ""coolingType"": ""Central"", ""exteriorType"": ""Wood"", ""fireplace"": true, ""floorCount"": 2, ""foundationType"": ""Other"", ""garage"": true, ""garageType"": ""Garage"", ""heating"": true, ""heatingType"": ""Central"", ""roomCount"": 8, ""unitCount"": 1}",Single Family,1876.0,R-10
65,"""unkown""",Condo,1984.0,unkown
66,"{""architectureType"": ""Ranch"", ""cooling"": true, ""coolingType"": ""Commercial"", ""fireplace"": true, ""floorCount"": 1, ""garage"": true, ""garageType"": ""Mixed"", ""heating"": true, ""heatingType"": ""Forced Air"", ""roofType"": ""Asphalt"", ""roomCount"": 5, ""unitCount"": 1}",Single Family,1971.0,R2:RES/1 FAM DWEL 5000SF
67,"{""architectureType"": ""Ranch"", ""cooling"": true, ""coolingType"": ""Central"", ""exteriorType"": ""Wood"", ""fireplace"": true, ""fireplaceType"": ""Prefab"", ""floorCount"": 1, ""garage"": true, ""garageType"": ""Garage"", ""heating"": true, ""heatingType"": ""Forced Air"", ""roomCount"": 7, ""unitCount"": 1}",Single Family,1981.0,R2
68,"{""cooling"": true, ""coolingType"": ""Central"", ""fireplace"": true, ""fireplaceType"": ""Masonry"", ""floorCount"": 1, ""foundationType"": ""Slab / Mat / Raft"", ""garage"": true, ""garageType"": ""Attached"", ""heating"": true, ""heatingType"": ""Central"", ""roofType"": ""Composition Shingle"", ""unitCount"": 1}",Single Family,1987.0,unkown
69,"{""architectureType"": ""Ranch"", ""exteriorType"": ""Wood"", ""fireplace"": true, ""floorCount"": 1, ""garage"": true, ""garageSpaces"": 1, ""garageType"": ""Garage"", ""heating"": true, ""heatingType"": ""Forced Air"", ""unitCount"": 1}",Single Family,1960.0,R75
70,"{""architectureType"": ""Split Level"", ""cooling"": true, ""coolingType"": ""Commercial"", ""exteriorType"": ""Brick"", ""fireplace"": true, ""fireplaceType"": ""2 Story"", ""floorCount"": 2, ""garage"": true, ""garageSpaces"": 1, ""garageType"": ""Carport"", ""heating"": true, ""heatingType"": ""Forced Air"", ""roofType"": ""Composition Shingle"", ""unitCount"": 1}",Single Family,1965.0,RSF95
71,"{""architectureType"": ""Single Story"", ""cooling"": true, ""coolingType"": ""Central"", ""exteriorType"": ""Stucco"", ""floorCount"": 1, ""garage"": true, ""garageSpaces"": 1, ""garageType"": ""Attached"", ""heating"": true, ""heatingType"": ""Forced Air"", ""roofType"": ""Composition Shingle"", ""roomCount"": 6, ""unitCount"": 1}",Single Family,1971.0,unkown
72,"{""cooling"": true, ""coolingType"": ""Commercial"", ""exteriorType"": ""Aluminum / Vinyl Siding"", ""fireplace"": true, ""floorCount"": 2, ""garage"": true, ""garageType"": ""Basement"", ""heating"": true, ""heatingType"": ""Forced Air"", ""roofType"": ""Asphalt"", ""roomCount"": 6}",Single Family,2018.0,RR
73,{},Single Family,2015.0,unkown
74,"{""architectureType"": ""Ranch / Rambler"", ""exteriorType"": ""Brick"", ""floorCount"": 2, ""foundationType"": ""Other"", ""heating"": true, ""heatingType"": ""Hot Water"", ""roofType"": ""Wood"", ""roomCount"": 6, ""unitCount"": 1}",Single Family,1920.0,26R-3
75,"{""cooling"": true, ""coolingType"": ""Central"", ""exteriorType"": ""Stucco"", ""fireplace"": true, ""fireplaceType"": ""2 Story"", ""floorCount"": 2, ""foundationType"": ""Raised"", ""garage"": true, ""garageType"": ""Garage"", ""heating"": true, ""heatingType"": ""Steam"", ""unitCount"": 1}",Single Family,2008.0,R-3
76,"{""exteriorType"": ""Wood"", ""floorCount"": 1, ""unitCount"": 1, ""garage"": true, ""garageType"": ""Attached"", ""heating"": true, ""heatingType"": ""Baseboard""}",Single Family,1972.0,R20
77,"{""architectureType"": ""Raised Ranch"", ""cooling"": true, ""coolingType"": ""Central"", ""exteriorType"": ""Brick"", ""fireplace"": true, ""floorCount"": 1, ""garage"": true, ""garageSpaces"": 1, ""garageType"": ""Attached"", ""heating"": true, ""heatingType"": ""Central"", ""roomCount"": 8, ""unitCount"": 1}",Single Family,1965.0,R1
78,"{""garage"": true, ""garageSpaces"": 2, ""garageType"": ""Garage"", ""pool"": true, ""unitCount"": 1}",Single Family,1983.0,R-1:SINGLE FAM-RES
79,"{""fireplace"": true, ""floorCount"": 2, ""garage"": true, ""garageSpaces"": 2, ""garageType"": ""Basement"", ""heating"": true, ""heatingType"": ""Forced Air"", ""unitCount"": 1, ""viewType"": ""City""}",Single Family,1952.0,NR3
80,"{""cooling"": true, ""coolingType"": ""Central"", ""exteriorType"": ""Stone"", ""floorCount"": 1, ""foundationType"": ""Slab / Mat / Raft"", ""garage"": true, ""garageSpaces"": 4, ""garageType"": ""Carport"", ""heating"": true, ""heatingType"": ""Central"", ""unitCount"": 1}",Single Family,1977.0,unkown
81,"{""architectureType"": ""Condo / Apartment""}",Condo,0.0,unkown
82,"{""architectureType"": ""Other"", ""exteriorType"": ""Wood Siding"", ""floorCount"": 2, ""heating"": true, ""heatingType"": ""Hot Water"", ""roofType"": ""Shingle (Not Wood)"", ""roomCount"": 12, ""unitCount"": 2}",Apartment,1875.0,RURRES
83,"{""architectureType"": ""Condo / Apartment"", ""unitCount"": 1}",Condo,1970.0,unkown
84,"{""cooling"": true, ""coolingType"": ""Window"", ""heating"": true}",Single Family,1915.0,unkown
85,"{""architectureType"": ""Split Level"", ""cooling"": true, ""coolingType"": ""Commercial"", ""exteriorType"": ""OTHER"", ""fireplace"": true, ""floorCount"": 1, ""heating"": true, ""heatingType"": ""Hot Water"", ""roofType"": ""Asphalt"", ""roomCount"": 6, ""unitCount"": 1}",Single Family,1960.0,RA
86,"{""architectureType"": ""Condo / Apartment"", ""cooling"": true, ""coolingType"": ""Central"", ""exteriorType"": ""Stucco"", ""floorCount"": 1, ""heating"": true, ""heatingType"": ""Forced Air"", ""roofType"": ""Tile"", ""roomCount"": 3, ""unitCount"": 1}",Condo,2000.0,unkown
87,"{""floorCount"": 1, ""roofType"": ""Roll Tar & Gravel"", ""unitCount"": 1}",Single Family,1985.0,unkown
88,"{""cooling"": true, ""coolingType"": ""Refrigeration"", ""exteriorType"": ""Other"", ""floorCount"": 1, ""garage"": true, ""garageSpaces"": 2, ""garageType"": ""Garage"", ""heating"": true, ""roofType"": ""Concrete""}",Single Family,2011.0,R-6
89,"{""exteriorType"": ""Concrete Block"", ""floorCount"": 1, ""garage"": true, ""garageType"": ""Carport"", ""pool"": true, ""roofType"": ""Other"", ""unitCount"": 1}",Single Family,1969.0,"0100:SINGLE FAM,GENERAL"
90,"{""fireplace"": true, ""floorCount"": 2, ""garage"": true, ""garageSpaces"": 2, ""garageType"": ""Garage"", ""roomCount"": 8, ""unitCount"": 1}",Single Family,1991.0,R2
91,"{""cooling"": true, ""coolingType"": ""Central"", ""exteriorType"": ""Stucco"", ""floorCount"": 1, ""foundationType"": ""Slab / Mat / Raft"", ""roofType"": ""Composition Shingle"", ""unitCount"": 1}",Single Family,1961.0,RS-5
92,"{""architectureType"": ""Split Level"", ""cooling"": true, ""coolingType"": ""Commercial"", ""exteriorType"": ""Siding"", ""fireplace"": true, ""floorCount"": 2, ""foundationType"": ""OTHER"", ""garage"": true, ""garageType"": ""Built-in"", ""heating"": true, ""heatingType"": ""Forced Air"", ""roofType"": ""Composition Shingle"", ""roomCount"": 7, ""unitCount"": 1}",Single Family,2006.0,unkown
93,"""unkown""",Single Family,2023.0,unkown
94,"{""cooling"": true, ""coolingType"": ""Central"", ""exteriorType"": ""Brick / Stone"", ""fireplace"": true, ""fireplaceType"": ""Prefab"", ""floorCount"": 2, ""garage"": true, ""garageSpaces"": 2, ""garageType"": ""Attached"", ""heating"": true, ""heatingType"": ""Central"", ""pool"": true, ""poolType"": ""Pool and Hot Tub / Spa"", ""roomCount"": 7}",Single Family,1994.0,R-3
95,"{""architectureType"": ""Ranch / Rambler"", ""garage"": true, ""garageSpaces"": 2, ""garageType"": ""Garage"", ""heating"": true, ""heatingType"": ""Forced Air"", ""unitCount"": 1}",Single Family,1962.0,R-2
96,"{""architectureType"": ""Split Level"", ""exteriorType"": ""Wood"", ""fireplace"": true, ""floorCount"": 2, ""garage"": true, ""garageSpaces"": 2, ""garageType"": ""Attached Garage"", ""heating"": true, ""heatingType"": ""Forced Air"", ""unitCount"": 1}",Single Family,1947.0,unkown
97,"{""cooling"": true, ""coolingType"": ""Package"", ""exteriorType"": ""Brick"", ""fireplace"": true, ""fireplaceType"": ""Single"", ""floorCount"": 1, ""foundationType"": ""Footing"", ""heating"": true, ""heatingType"": ""Package"", ""unitCount"": 1}",Single Family,1923.0,R1:SINGLE FAM RES
98,"{""cooling"": true, ""coolingType"": ""Central"", ""fireplace"": true, ""fireplaceType"": ""Single"", ""floorCount"": 1, ""garage"": true, ""garageSpaces"": 2, ""garageType"": ""Attached Garage"", ""heating"": true, ""heatingType"": ""Central"", ""pool"": true, ""poolType"": ""Pool, Gunite"", ""roomCount"": 7, ""unitCount"": 1}",Single Family,1961.0,unkown
99,"""unkown""",Single Family,1985.0,unkown
100,"""unkown""",Apartment,1979.0,unkown
101,"{""architectureType"": ""Bungalow"", ""exteriorType"": ""Brick"", ""fireplace"": true, ""floorCount"": 1, ""heating"": true, ""heatingType"": ""Forced Air"", ""roofType"": ""Asphalt"", ""roomCount"": 3, ""unitCount"": 1}",Single Family,1945.0,RI
102,"{""architectureType"": ""Conventional"", ""cooling"": true, ""coolingType"": ""Commercial"", ""exteriorType"": ""Brick"", ""fireplace"": true, ""fireplaceType"": ""2 Story"", ""floorCount"": 2, ""garage"": true, ""garageType"": ""Garage"", ""heating"": true, ""heatingType"": ""Forced Air"", ""roofType"": ""Composition Shingle"", ""unitCount"": 1}",Single Family,1953.0,R60
103,"{""cooling"": true, ""coolingType"": ""Refrigeration"", ""exteriorType"": ""Stucco"", ""floorCount"": 1, ""garage"": true, ""garageSpaces"": 3, ""garageType"": ""Garage"", ""heating"": true, ""heatingType"": ""Forced Air"", ""pool"": true, ""roofType"": ""Other"", ""roomCount"": 6, ""unitCount"": 1}",Single Family,2004.0,R-35
104,"{""cooling"": true, ""coolingType"": ""Commercial"", ""exteriorType"": ""Other"", ""garage"": true, ""garageSpaces"": 3, ""garageType"": ""Garage"", ""pool"": true, ""roofType"": ""Shingle (Not Wood)""}",Single Family,2001.0,unkown
105,"""unkown""",Single Family,2006.0,unkown
106,"{""exteriorType"": ""Concrete Block"", ""floorCount"": 1, ""roofType"": ""Other"", ""unitCount"": 1}",Single Family,1968.0,"0100:SINGLE FAM,GENERAL"
107,"{""cooling"": true, ""coolingType"": ""Refrigeration"", ""fireplace"": true, ""floorCount"": 1, ""garage"": true, ""garageSpaces"": 4, ""garageType"": ""Attached"", ""heating"": true, ""heatingType"": ""Forced Air"", ""unitCount"": 1}",Single Family,2006.0,unkown
108,"{""architectureType"": ""Other"", ""exteriorType"": ""Brick"", ""fireplace"": true, ""floorCount"": 1, ""heating"": true, ""heatingType"": ""Hot Water"", ""roofType"": ""Tar & Gravel"", ""roomCount"": 3, ""unitCount"": 1}",Condo,1915.0,unkown
109,"{""architectureType"": ""Conventional"", ""floorCount"": 1, ""garage"": true, ""garageSpaces"": 1, ""garageType"": ""Garage"", ""heating"": true, ""heatingType"": ""Central"", ""roomCount"": 10, ""unitCount"": 1}",Single Family,1938.0,LAR1
110,"{""architectureType"": ""Cape Cod"", ""cooling"": true, ""coolingType"": ""Central"", ""exteriorType"": ""Brick / Stone"", ""fireplace"": true, ""floorCount"": 2, ""foundationType"": ""Block"", ""garage"": true, ""garageSpaces"": 1, ""garageType"": ""Mixed"", ""heating"": true, ""heatingType"": ""Central"", ""roofType"": ""Shingle"", ""roomCount"": 8, ""unitCount"": 1}",Single Family,1935.0,unkown
111,"{""architectureType"": ""Condo / Apartment"", ""cooling"": true, ""coolingType"": ""Central"", ""exteriorType"": ""Stucco"", ""floorCount"": 1, ""garage"": true, ""garageSpaces"": 1, ""garageType"": ""Carport"", ""heating"": true, ""heatingType"": ""Forced Air"", ""roofType"": ""Built-up (Layered Asphalt)"", ""roomCount"": 4, ""unitCount"": 1}",Apartment,1971.0,unkown
112,"{""cooling"": true, ""coolingType"": ""Central"", ""fireplace"": true, ""floorCount"": 1, ""garage"": true, ""garageType"": ""Attached"", ""heating"": true, ""heatingType"": ""Baseboard"", ""roomCount"": 8, ""unitCount"": 1}",Single Family,2003.0,unkown
113,"{""architectureType"": ""Colonial"", ""cooling"": true, ""coolingType"": ""Central"", ""exteriorType"": ""Brick"", ""fireplace"": true, ""floorCount"": 2, ""garage"": true, ""garageSpaces"": 2, ""garageType"": ""Basement"", ""heating"": true, ""heatingType"": ""Central"", ""roomCount"": 9, ""unitCount"": 1}",Single Family,2015.0,unkown
114,"{""architectureType"": ""Conventional""}",Condo,2006.0,unkown
115,"{""architectureType"": ""Traditional"", ""cooling"": true, ""coolingType"": ""Central"", ""exteriorType"": ""Concrete Block"", ""floorCount"": 1, ""foundationType"": ""Raised"", ""garage"": true, ""garageSpaces"": 1, ""garageType"": ""Carport"", ""heating"": true, ""heatingType"": ""Central"", ""roomCount"": 4, ""unitCount"": 2}",Single Family,1932.0,unkown
116,"{""cooling"": true, ""coolingType"": ""Central"", ""exteriorType"": ""Brick Veneer"", ""floorCount"": 1, ""foundationType"": ""Wood"", ""garage"": true, ""garageSpaces"": 2, ""garageType"": ""Attached"", ""heating"": true, ""heatingType"": ""Central"", ""roofType"": ""Composition Shingle"", ""unitCount"": 1}",Single Family,2004.0,HDMU
117,"{""floorCount"": 1, ""garage"": true, ""garageType"": ""Garage"", ""heating"": true, ""roomCount"": 3, ""unitCount"": 1}",Condo,1982.0,R-3
118,"{""cooling"": true, ""coolingType"": ""Central"", ""exteriorType"": ""Aluminum / Vinyl Siding"", ""fireplace"": true, ""floorCount"": 2, ""foundationType"": ""Crawl / Raised"", ""garage"": true, ""garageType"": ""Garage"", ""heating"": true, ""roofType"": ""Asphalt""}",Single Family,1985.0,R-3
119,{},Manufactured,1993.0,unkown
120,"{""unitCount"": 13}",Townhouse,2008.0,unkown
121,"{""cooling"": true, ""coolingType"": ""Commercial"", ""exteriorType"": ""Stucco"", ""floorCount"": 1, ""foundationType"": ""Slab / Mat / Raft"", ""garage"": true, ""garageSpaces"": 4, ""garageType"": ""Garage"", ""heating"": true, ""heatingType"": ""Central"", ""roofType"": ""Fiberglass"", ""unitCount"": 1}",Single Family,2000.0,R3
122,"{""cooling"": true, ""coolingType"": ""Refrigeration"", ""exteriorType"": ""Wood"", ""floorCount"": 1, ""garage"": true, ""garageSpaces"": 2, ""garageType"": ""Garage"", ""heating"": true, ""heatingType"": ""Forced Air"", ""roofType"": ""Tile"", ""roomCount"": 5, ""unitCount"": 1}",Single Family,2003.0,unkown
123,"{""exteriorType"": ""Other"", ""fireplace"": true, ""floorCount"": 2, ""garage"": true, ""garageType"": ""Garage"", ""heating"": true, ""heatingType"": ""Forced Air"", ""unitCount"": 1}",Single Family,1980.0,MON-LDR
124,"{""cooling"": true, ""coolingType"": ""Central"", ""exteriorType"": ""Aluminum / Vinyl Siding"", ""floorCount"": 1, ""foundationType"": ""Pier"", ""garage"": true, ""garageSpaces"": 1, ""garageType"": ""Garage"", ""roofType"": ""Asphalt""}",Single Family,1947.0,R-6
125,"""unkown""",Single Family,1998.0,unkown
126,"{""exteriorType"": ""Brick"", ""fireplace"": true, ""fireplaceType"": ""Single"", ""garage"": true, ""garageType"": ""Garage"", ""heating"": true, ""heatingType"": ""Central""}",Single Family,2012.0,unkown
127,"{""architectureType"": ""Condo / Apartment"", ""cooling"": true, ""coolingType"": ""Refrigeration"", ""exteriorType"": ""Wood"", ""floorCount"": 1, ""garage"": true, ""garageSpaces"": 1, ""garageType"": ""Carport"", ""heating"": true, ""heatingType"": ""Forced Air"", ""roofType"": ""Other"", ""roomCount"": 4, ""unitCount"": 1}",Condo,1994.0,M-H
128,"""unkown""",Apartment,1972.0,unkown
129,"{""architectureType"": ""Ranch / Rambler"", ""exteriorType"": ""Wood Siding"", ""fireplace"": true, ""floorCount"": 1, ""garage"": true, ""garageType"": ""Attached Garage"", ""heating"": true, ""heatingType"": ""Baseboard"", ""roofType"": ""Asphalt"", ""roomCount"": 6, ""unitCount"": 1}",Single Family,1951.0,RA
130,"{""architectureType"": ""Conventional"", ""cooling"": true, ""coolingType"": ""Commercial"", ""floorCount"": 1, ""garage"": true, ""garageSpaces"": 1, ""garageType"": ""Garage"", ""heating"": true, ""heatingType"": ""Central"", ""roomCount"": 10, ""unitCount"": 1}",Single Family,1955.0,WHR19000*
131,"{""architectureType"": ""Conventional"", ""cooling"": true, ""coolingType"": ""Central"", ""exteriorType"": ""Brick Veneer"", ""floorCount"": 2, ""garage"": true, ""garageSpaces"": 2, ""garageType"": ""Garage"", ""heating"": true, ""heatingType"": ""Central"", ""roomCount"": 8}",Single Family,2007.0,CA
132,"{""cooling"": true, ""coolingType"": ""Central"", ""floorCount"": 1, ""foundationType"": ""Slab / Mat / Raft"", ""garage"": true, ""garageSpaces"": 2, ""garageType"": ""Garage"", ""heating"": true, ""heatingType"": ""Central""}",Single Family,2017.0,unkown
133,"{""architectureType"": ""Colonial"", ""cooling"": true, ""coolingType"": ""Central"", ""exteriorType"": ""Aluminum / Vinyl Siding"", ""floorCount"": 2, ""garage"": true, ""garageSpaces"": 1, ""garageType"": ""Detached"", ""heating"": true, ""heatingType"": ""Central"", ""roomCount"": 6, ""unitCount"": 1}",Single Family,1922.0,unkown
134,"{""cooling"": true, ""coolingType"": ""Refrigeration"", ""exteriorType"": ""Block"", ""floorCount"": 1, ""garage"": true, ""garageSpaces"": 1, ""garageType"": ""Carport"", ""heating"": true, ""heatingType"": ""Forced Air"", ""roofType"": ""Asphalt"", ""roomCount"": 5, ""unitCount"": 1}",Single Family,1970.0,R-6
135,"{""architectureType"": ""Bungalow"", ""cooling"": true, ""coolingType"": ""Central"", ""exteriorType"": ""Wood"", ""floorCount"": 1, ""garage"": true, ""garageSpaces"": 2, ""garageType"": ""Detached Garage"", ""roofType"": ""Shingle (Not Wood)"", ""unitCount"": 1}",Single Family,1930.0,unkown
136,"{""cooling"": true, ""coolingType"": ""Commercial"", ""exteriorType"": ""Wood"", ""fireplace"": true, ""floorCount"": 2, ""garage"": true, ""garageType"": ""Garage"", ""heating"": true, ""heatingType"": ""Forced Air"", ""roofType"": ""Composition Shingle"", ""unitCount"": 1, ""architectureType"": ""Split Level""}",Single Family,1957.0,R60
137,"{""cooling"": true, ""coolingType"": ""Commercial"", ""floorCount"": 2, ""foundationType"": ""Slab / Mat / Raft"", ""heating"": true, ""heatingType"": ""Central"", ""roofType"": ""Composition Shingle"", ""unitCount"": 1}",Single Family,2006.0,unkown
138,"""unkown""",Single Family,2008.0,unkown
139,"{""exteriorType"": ""Stucco"", ""floorCount"": 2, ""garage"": true, ""garageSpaces"": 2, ""garageType"": ""Garage"", ""unitCount"": 1}",Single Family,1926.0,R-3
140,"{""heating"": true, ""heatingType"": ""Warm Air""}",Single Family,0.0,unkown
141,"{""cooling"": true, ""coolingType"": ""Central"", ""exteriorType"": ""Brick"", ""fireplace"": true, ""fireplaceType"": ""Single"", ""floorCount"": 1, ""foundationType"": ""Slab"", ""garage"": true, ""garageSpaces"": 2, ""garageType"": ""Attached Garage"", ""heating"": true, ""heatingType"": ""Central"", ""roofType"": ""Shingle (Not Wood)""}",Single Family,0.0,unkown
142,"{""cooling"": true, ""coolingType"": ""Central"", ""exteriorType"": ""Concrete Block"", ""floorCount"": 1, ""foundationType"": ""Slab / Mat / Raft"", ""garage"": true, ""garageType"": ""Attached"", ""heating"": true, ""heatingType"": ""Central"", ""roomCount"": 6, ""unitCount"": 1}",Single Family,2007.0,unkown
143,"{""exteriorType"": ""Aluminum / Vinyl Siding"", ""floorCount"": 1, ""roomCount"": 5}",Single Family,1998.0,unkown
144,"{""exteriorType"": ""OTHER"", ""fireplace"": true, ""floorCount"": 1, ""foundationType"": ""Raised"", ""garage"": true, ""garageSpaces"": 2, ""garageType"": ""Attached"", ""heating"": true, ""heatingType"": ""Forced Air"", ""pool"": true, ""roofType"": ""Composition Shingle"", ""roomCount"": 6, ""unitCount"": 1}",Single Family,1970.0,SS
145,"{""cooling"": true, ""coolingType"": ""Commercial"", ""exteriorType"": ""Concrete Block"", ""fireplace"": true, ""fireplaceType"": ""Single"", ""floorCount"": 1, ""foundationType"": ""Wood"", ""heating"": true, ""heatingType"": ""Forced Air"", ""roofType"": ""Shingle"", ""roomCount"": 7, ""unitCount"": 1}",Single Family,1945.0,R1
146,"{""architectureType"": ""Condo / Apartment"", ""cooling"": true, ""coolingType"": ""Commercial"", ""fireplace"": true, ""garage"": true, ""garageType"": ""Garage"", ""heating"": true, ""unitCount"": 1}",Condo,1998.0,unkown
147,"{""exteriorType"": ""Concrete Block"", ""floorCount"": 1, ""roofType"": ""Other"", ""unitCount"": 1}",Single Family,1947.0,"5700:DUPLEXES,GENERAL"
148,"{""cooling"": true, ""coolingType"": ""Central"", ""exteriorType"": ""Stone"", ""fireplace"": true, ""floorCount"": 2, ""garage"": true, ""garageType"": ""Garage"", ""heating"": true, ""heatingType"": ""Hot Water"", ""roomCount"": 8, ""unitCount"": 1}",Single Family,1935.0,unkown
149,"{""cooling"": true, ""coolingType"": ""Commercial"", ""exteriorType"": ""Brick"", ""fireplace"": true, ""floorCount"": 1, ""heating"": true, ""heatingType"": ""Steam"", ""roofType"": ""Composition Shingle"", ""roomCount"": 7, ""unitCount"": 1}",Single Family,1955.0,R-3(RESIDENTIAL 3 DU/AC)
150,"{""floorCount"": 1}",Single Family,2019.0,R/1/5
151,"{""architectureType"": ""Split Level"", ""cooling"": true, ""coolingType"": ""Central"", ""exteriorType"": ""Brick / Stone"", ""garage"": true, ""garageType"": ""Attached"", ""roofType"": ""Shingle"", ""unitCount"": 1}",Single Family,1962.0,unkown
152,"{""architectureType"": ""Conventional"", ""cooling"": true, ""coolingType"": ""Central"", ""exteriorType"": ""Brick Veneer"", ""fireplace"": true, ""fireplaceType"": ""Single"", ""floorCount"": 2, ""foundationType"": ""Slab / Mat / Raft"", ""garage"": true, ""garageType"": ""Detached"", ""heating"": true, ""heatingType"": ""Central"", ""roofType"": ""Composition Shingle"", ""unitCount"": 1}",Single Family,1994.0,H
153,"""unkown""",Single Family,1948.0,unkown
154,"{""floorCount"": 1, ""garage"": true, ""garageSpaces"": 2, ""garageType"": ""Garage"", ""roomCount"": 5, ""unitCount"": 1}",Single Family,1925.0,R1
155,"{""architectureType"": ""Condo / Apartment"", ""cooling"": true, ""coolingType"": ""Package"", ""exteriorType"": ""OTHER"", ""floorCount"": 1, ""foundationType"": ""Footing"", ""heating"": true, ""roofType"": ""Composition Shingle""}",Condo,1987.0,unkown
156,"{""architectureType"": ""Traditional"", ""cooling"": true, ""coolingType"": ""Central"", ""exteriorType"": ""Aluminum / Vinyl Siding"", ""fireplace"": true, ""floorCount"": 1, ""foundationType"": ""Raised"", ""garage"": true, ""garageSpaces"": 1, ""garageType"": ""Mixed"", ""heating"": true, ""heatingType"": ""Central"", ""roomCount"": 7, ""unitCount"": 1}",Single Family,1925.0,unkown
157,"{""cooling"": true, ""coolingType"": ""Central"", ""exteriorType"": ""Brick Veneer"", ""fireplace"": true, ""fireplaceType"": ""Single"", ""floorCount"": 1, ""foundationType"": ""OTHER"", ""garage"": true, ""garageType"": ""Carport"", ""heating"": true, ""heatingType"": ""Heat Pump"", ""roofType"": ""Shingle"", ""unitCount"": 1}",Single Family,1978.0,R-5
158,"{""architectureType"": ""Ranch"", ""cooling"": true, ""coolingType"": ""Central"", ""exteriorType"": ""Wood"", ""fireplace"": true, ""floorCount"": 1, ""garage"": true, ""garageType"": ""Attached"", ""heating"": true, ""heatingType"": ""Hot Water"", ""roomCount"": 6, ""unitCount"": 1}",Single Family,1954.0,R2M MULTI-FAMILY
159,"{""cooling"": true, ""coolingType"": ""Central"", ""exteriorType"": ""Aluminum / Vinyl Siding"", ""fireplace"": true, ""fireplaceType"": ""Single"", ""floorCount"": 1, ""foundationType"": ""Pier"", ""heating"": true, ""heatingType"": ""Floor / Wall"", ""roofType"": ""Metal"", ""roomCount"": 5}",Single Family,1900.0,UNZONED RURAL
160,{},Single Family,1940.0,unkown
161,"{""cooling"": true, ""coolingType"": ""Central"", ""floorCount"": 1, ""garage"": true, ""garageSpaces"": 2, ""garageType"": ""Garage"", ""heating"": true, ""heatingType"": ""Central"", ""pool"": true, ""poolType"": ""Community Pool"", ""unitCount"": 1}",Single Family,2006.0,unkown
162,"{""floorCount"": 1, ""garage"": true, ""garageSpaces"": 2, ""garageType"": ""Garage"", ""heating"": true, ""heatingType"": ""Forced Air""}",Single Family,1948.0,unkown
163,"{""cooling"": true, ""coolingType"": ""Central"", ""exteriorType"": ""Brick"", ""fireplace"": true, ""floorCount"": 1, ""foundationType"": ""Slab / Mat / Raft"", ""garage"": true, ""garageSpaces"": 2, ""garageType"": ""Attached"", ""heating"": true, ""heatingType"": ""Central"", ""roomCount"": 7, ""unitCount"": 1}",Single Family,2007.0,unkown
164,"""unkown""",Manufactured,1992.0,unkown
165,"{""architectureType"": ""Townhouse"", ""cooling"": true, ""coolingType"": ""Central"", ""exteriorType"": ""Stucco"", ""floorCount"": 2, ""heating"": true, ""heatingType"": ""Forced Air"", ""roofType"": ""Built-up (Layered Asphalt)"", ""roomCount"": 5, ""unitCount"": 1}",Single Family,2008.0,unkown
166,"{""cooling"": true, ""coolingType"": ""Evaporative"", ""exteriorType"": ""Block"", ""floorCount"": 1, ""heating"": true, ""heatingType"": ""Floor / Wall"", ""roofType"": ""Roll Composition"", ""roomCount"": 7, ""unitCount"": 1}",Single Family,1949.0,unkown
167,"{""architectureType"": ""Traditional"", ""exteriorType"": ""Aluminum / Vinyl Siding"", ""floorCount"": 1, ""foundationType"": ""Slab / Mat / Raft"", ""garage"": true, ""garageSpaces"": 2, ""garageType"": ""Attached"", ""heating"": true, ""heatingType"": ""Central"", ""roomCount"": 5, ""unitCount"": 1}",Single Family,1965.0,unkown
168,"{""cooling"": true, ""coolingType"": ""Refrigeration"", ""exteriorType"": ""Block"", ""floorCount"": 1, ""garage"": true, ""garageSpaces"": 2, ""garageType"": ""Carport"", ""heating"": true, ""heatingType"": ""Forced Air"", ""pool"": true, ""roofType"": ""Roll Composition"", ""roomCount"": 7, ""unitCount"": 1}",Single Family,1972.0,R-7
169,"{""garage"": true, ""garageType"": ""Garage"", ""pool"": true, ""unitCount"": 1, ""cooling"": true, ""coolingType"": ""Commercial"", ""exteriorType"": ""Stucco"", ""floorCount"": 1, ""heating"": true, ""heatingType"": ""Forced Air"", ""roofType"": ""Tile""}",Single Family,1993.0,RS
170,"{""cooling"": true, ""coolingType"": ""Central"", ""exteriorType"": ""Aluminum / Vinyl Siding"", ""floorCount"": 2, ""foundationType"": ""Slab / Mat / Raft"", ""garage"": true, ""garageType"": ""Garage"", ""heating"": true, ""heatingType"": ""Forced Air""}",Single Family,2008.0,R-3
171,"{""architectureType"": ""Conventional"", ""cooling"": true, ""coolingType"": ""Central"", ""exteriorType"": ""Brick"", ""fireplace"": true, ""fireplaceType"": ""Prefab"", ""floorCount"": 1, ""foundationType"": ""Slab / Mat / Raft"", ""garage"": true, ""garageSpaces"": 2, ""garageType"": ""Attached"", ""heating"": true, ""heatingType"": ""Central"", ""roofType"": ""Composition Shingle"", ""unitCount"": 1}",Single Family,1999.0,6
172,"{""cooling"": true, ""exteriorType"": ""Siding"", ""fireplace"": true, ""floorCount"": 2, ""garage"": true, ""garageSpaces"": 2, ""garageType"": ""Garage"", ""heating"": true, ""heatingType"": ""Forced Air"", ""roomCount"": 6, ""unitCount"": 1}",Single Family,1928.0,TN-LDR
173,"{""cooling"": true, ""coolingType"": ""Central"", ""exteriorType"": ""Brick Veneer"", ""fireplace"": true, ""floorCount"": 2, ""foundationType"": ""Slab / Mat / Raft"", ""garage"": true, ""garageSpaces"": 2, ""garageType"": ""Attached"", ""heating"": true, ""heatingType"": ""Central"", ""roofType"": ""Composition Shingle"", ""unitCount"": 1}",Single Family,1999.0,unkown
174,"{""exteriorType"": ""Brick / Stone"", ""floorCount"": 2, ""garage"": true, ""roofType"": ""Asphalt""}",Apartment,1974.0,unkown
175,"{""architectureType"": ""Ranch"", ""exteriorType"": ""Wood Shingle"", ""floorCount"": 1, ""heating"": true, ""heatingType"": ""Central"", ""roofType"": ""Asphalt"", ""unitCount"": 1}",Single Family,1971.0,R1
176,"{""cooling"": true, ""coolingType"": ""Central"", ""exteriorType"": ""Marblecrete"", ""garage"": true, ""garageType"": ""Attached"", ""heating"": true, ""heatingType"": ""Forced Air"", ""roofType"": ""Asphalt"", ""roomCount"": 5}",Single Family,0.0,unkown
177,"{""cooling"": true, ""coolingType"": ""Central"", ""exteriorType"": ""Aluminum / Vinyl Siding"", ""floorCount"": 2, ""garage"": true, ""garageType"": ""Garage"", ""heating"": true, ""heatingType"": ""Central"", ""roofType"": ""Composition Shingle"", ""unitCount"": 1}",Single Family,2019.0,PD
178,"{""architectureType"": ""Duplex Single"", ""cooling"": true, ""coolingType"": ""Commercial"", ""exteriorType"": ""Aluminum / Vinyl Siding"", ""floorCount"": 2, ""heating"": true, ""heatingType"": ""Gas"", ""roofType"": ""Asphalt"", ""roomCount"": 12, ""unitCount"": 3}",Duplex-Triplex,1970.0,R-15
179,"{""cooling"": true, ""coolingType"": ""Central"", ""exteriorType"": ""Brick Veneer"", ""fireplace"": true, ""floorCount"": 1, ""foundationType"": ""Slab / Mat / Raft"", ""garage"": true, ""garageSpaces"": 2, ""garageType"": ""Attached"", ""heating"": true, ""heatingType"": ""Central"", ""roofType"": ""Composition Shingle"", ""unitCount"": 1}",Single Family,2005.0,Z248
180,"{""architectureType"": ""Ranch"", ""cooling"": true, ""coolingType"": ""Commercial"", ""exteriorType"": ""Wood"", ""fireplace"": true, ""floorCount"": 1, ""foundationType"": ""OTHER"", ""garage"": true, ""garageSpaces"": 2, ""garageType"": ""Basement"", ""heating"": true, ""heatingType"": ""Forced Air"", ""roofType"": ""Wood Shingle"", ""roomCount"": 7}",Single Family,1972.0,R1
181,"{""exteriorType"": ""Shingle"", ""floorCount"": 2, ""garage"": true, ""garageSpaces"": 1, ""garageType"": ""Detached"", ""heating"": true, ""heatingType"": ""Forced Air"", ""roofType"": ""Asphalt""}",Single Family,1900.0,R3
182,{},Condo,1936.0,unkown
183,"{""architectureType"": ""Condo / Apartment"", ""floorCount"": 3, ""unitCount"": 1}",Condo,2016.0,unkown
184,"{""architectureType"": ""Duplex"", ""floorCount"": 2, ""garage"": true, ""garageType"": ""Garage"", ""unitCount"": 2}",Duplex-Triplex,1920.0,R5
185,"{""architectureType"": ""Condo / Apartment"", ""cooling"": true, ""coolingType"": ""Central"", ""floorCount"": 3, ""garage"": true, ""garageType"": ""Attached"", ""heating"": true, ""heatingType"": ""Central""}",Condo,2021.0,unkown
186,"{""architectureType"": ""Ranch"", ""exteriorType"": ""Aluminum / Vinyl Siding"", ""floorCount"": 1, ""garage"": true, ""garageType"": ""Garage"", ""heating"": true, ""heatingType"": ""Gas"", ""roomCount"": 6}",Single Family,2020.0,unkown
187,"{""cooling"": true, ""coolingType"": ""Package"", ""exteriorType"": ""Concrete Block"", ""floorCount"": 1, ""foundationType"": ""Footing"", ""garage"": true, ""garageType"": ""Garage"", ""heating"": true, ""roofType"": ""Composition Shingle""}",Single Family,2020.0,SR1B
188,"{""architectureType"": ""Traditional"", ""cooling"": true, ""coolingType"": ""Central"", ""exteriorType"": ""Brick"", ""fireplace"": true, ""fireplaceType"": ""Masonry"", ""floorCount"": 2, ""garage"": true, ""garageType"": ""Carport"", ""heating"": true, ""heatingType"": ""Central"", ""roomCount"": 8, ""unitCount"": 1}",Single Family,1965.0,R100
189,"{""architectureType"": ""Ranch"", ""cooling"": true, ""coolingType"": ""Central"", ""exteriorType"": ""Stone"", ""floorCount"": 1, ""garage"": true, ""garageSpaces"": 1, ""garageType"": ""Basement"", ""heating"": true, ""heatingType"": ""Central"", ""roomCount"": 7, ""unitCount"": 1}",Single Family,1962.0,R4
190,"{""cooling"": true, ""coolingType"": ""Commercial"", ""floorCount"": 1, ""garage"": true, ""garageSpaces"": 1, ""garageType"": ""Garage"", ""heating"": true, ""unitCount"": 1}",Single Family,1951.0,unkown
191,"{""cooling"": true, ""coolingType"": ""Central"", ""exteriorType"": ""Stucco"", ""floorCount"": 1, ""foundationType"": ""Footing"", ""garage"": true, ""garageSpaces"": 2, ""garageType"": ""Garage"", ""heating"": true, ""heatingType"": ""Central"", ""roofType"": ""Composition Shingle"", ""unitCount"": 1}",Single Family,1979.0,unkown
192,{},Apartment,0.0,unkown
193,"{""garage"": true, ""garageType"": ""Garage""}",Single Family,1962.0,unkown
194,"{""architectureType"": ""Duplex"", ""floorCount"": 2, ""garage"": true, ""garageType"": ""Garage"", ""unitCount"": 2}",Duplex-Triplex,1910.0,R5
195,"{""cooling"": true, ""coolingType"": ""Central"", ""floorCount"": 2, ""foundationType"": ""Raised"", ""garage"": true, ""garageSpaces"": 2, ""garageType"": ""Detached"", ""heating"": true, ""heatingType"": ""Central"", ""roofType"": ""Slate"", ""roomCount"": 8}",Single Family,1869.0,unkown
196,"{""architectureType"": ""Condo / Apartment"", ""unitCount"": 1}",Condo,2001.0,unkown
197,"{""architectureType"": ""Colonial"", ""cooling"": true, ""coolingType"": ""Commercial"", ""exteriorType"": ""OTHER"", ""fireplace"": true, ""floorCount"": 2, ""garage"": true, ""garageType"": ""Attached"", ""heating"": true, ""heatingType"": ""Hot Water"", ""roofType"": ""Asphalt"", ""roomCount"": 11}",Single Family,2006.0,R-2
198,"{""cooling"": true, ""coolingType"": ""Central"", ""exteriorType"": ""Other"", ""floorCount"": 2, ""foundationType"": ""Slab"", ""heating"": true, ""heatingType"": ""Central"", ""roofType"": ""Asphalt"", ""unitCount"": 1}",Single Family,2009.0,RM-1
199,"{""architectureType"": ""Condo / Apartment"", ""cooling"": true, ""coolingType"": ""Commercial"", ""exteriorType"": ""Log"", ""fireplace"": true, ""garage"": true, ""garageType"": ""Garage"", ""heating"": true, ""unitCount"": 1, ""garageSpaces"": 1}",Condo,1980.0,unkown
200,"{""cooling"": true, ""coolingType"": ""Central"", ""exteriorType"": ""Brick"", ""fireplace"": true, ""fireplaceType"": ""Single"", ""floorCount"": 1, ""foundationType"": ""Slab / Mat / Raft"", ""garage"": true, ""garageType"": ""Attached"", ""heating"": true, ""heatingType"": ""Central"", ""roofType"": ""Composition Shingle""}",Single Family,2012.0,unkown
201,"{""architectureType"": ""Farm House"", ""exteriorType"": ""Rock, Stone"", ""floorCount"": 2, ""garage"": true, ""garageSpaces"": 2, ""garageType"": ""Garage"", ""heating"": true, ""heatingType"": ""Hot Water"", ""roofType"": ""Slate"", ""roomCount"": 12, ""unitCount"": 2}",Single Family,1763.0,A
202,"""unkown""",Condo,0.0,unkown
203,"{""exteriorType"": ""Asbestos Shingle"", ""floorCount"": 1, ""foundationType"": ""OTHER"", ""garage"": true, ""garageType"": ""Mixed"", ""heating"": true, ""heatingType"": ""Gravity"", ""roofType"": ""Shingle"", ""roomCount"": 7, ""unitCount"": 1}",Single Family,1940.0,R-60-S
204,"{""architectureType"": ""Ranch"", ""cooling"": true, ""coolingType"": ""Central"", ""exteriorType"": ""Siding"", ""floorCount"": 1, ""foundationType"": ""Slab / Mat / Raft"", ""heating"": true, ""heatingType"": ""Central"", ""roofType"": ""Composition Shingle"", ""unitCount"": 1}",Single Family,2014.0,RM1
205,{},Single Family,2004.0,unkown
206,"{""cooling"": true, ""coolingType"": ""Central"", ""floorCount"": 2, ""garage"": true, ""garageType"": ""Garage"", ""roomCount"": 10, ""unitCount"": 1}",Single Family,1991.0,A4
207,"{""cooling"": true, ""coolingType"": ""Evaporative"", ""exteriorType"": ""Stone"", ""floorCount"": 1, ""foundationType"": ""Masonry"", ""garage"": true, ""garageType"": ""Carport"", ""heating"": true, ""heatingType"": ""Gas"", ""roofType"": ""Composition Shingle"", ""unitCount"": 1}",Single Family,1912.0,R4
208,"{""architectureType"": ""Condo / Apartment"", ""exteriorType"": ""Aluminum / Vinyl Siding"", ""floorCount"": 2, ""heating"": true, ""heatingType"": ""Forced Air"", ""roomCount"": 6, ""unitCount"": 1, ""viewType"": ""Average""}",Townhouse,1920.0,RSA5
209,"{""exteriorType"": ""Wood"", ""floorCount"": 1, ""foundationType"": ""Wood"", ""heating"": true, ""roofType"": ""Shingle"", ""roomCount"": 7, ""unitCount"": 1}",Single Family,1928.0,R3
210,"{""architectureType"": ""Conventional"", ""floorCount"": 1, ""garage"": true, ""garageSpaces"": 1, ""garageType"": ""Garage"", ""heating"": true, ""heatingType"": ""Central"", ""roomCount"": 8, ""unitCount"": 1}",Single Family,1961.0,LARS
211,"{""cooling"": true, ""coolingType"": ""Commercial"", ""exteriorType"": ""Stucco"", ""fireplace"": true, ""floorCount"": 1, ""foundationType"": ""Slab / Mat / Raft"", ""heating"": true, ""heatingType"": ""Forced Air"", ""pool"": true, ""roofType"": ""Composition Shingle"", ""unitCount"": 1}",Single Family,1976.0,R-1B
212,"{""architectureType"": ""Condo / Apartment"", ""cooling"": true, ""coolingType"": ""Central"", ""exteriorType"": ""Brick Veneer"", ""fireplace"": true, ""floorCount"": 1, ""foundationType"": ""Slab / Mat / Raft"", ""garage"": true, ""garageSpaces"": 1, ""garageType"": ""Attached"", ""heating"": true, ""heatingType"": ""Central"", ""roofType"": ""Composition Shingle"", ""unitCount"": 1}",Single Family,1980.0,Z239
213,"{""cooling"": true, ""coolingType"": ""Central"", ""exteriorType"": ""Masonry"", ""fireplace"": true, ""fireplaceType"": ""Single"", ""floorCount"": 1, ""foundationType"": ""Pier"", ""garage"": true, ""garageType"": ""Attached Garage"", ""heating"": true, ""heatingType"": ""Central"", ""roofType"": ""Asphalt""}",Single Family,2006.0,unkown
214,"{""exteriorType"": ""Block"", ""fireplace"": true, ""floorCount"": 2, ""garage"": true, ""garageType"": ""Garage"", ""heating"": true, ""heatingType"": ""Central"", ""roomCount"": 7, ""unitCount"": 1}",Single Family,1930.0,unkown
215,"{""exteriorType"": ""Wood"", ""floorCount"": 1, ""foundationType"": ""Raised"", ""heating"": true, ""heatingType"": ""Gravity"", ""roofType"": ""Asphalt"", ""roomCount"": 5, ""unitCount"": 1}",Single Family,1950.0,unkown
216,"{""garage"": true, ""garageSpaces"": 2, ""garageType"": ""Garage"", ""unitCount"": 1}",Single Family,1932.0,R-2:MINOR MULTIPLE
217,"{""architectureType"": ""Colonial"", ""cooling"": true, ""coolingType"": ""Central"", ""exteriorType"": ""Masonry"", ""fireplace"": true, ""floorCount"": 2, ""foundationType"": ""Concrete"", ""garage"": true, ""garageSpaces"": 1, ""garageType"": ""Detached Garage"", ""heating"": true, ""heatingType"": ""Central"", ""roofType"": ""Shingle (Not Wood)"", ""roomCount"": 9, ""unitCount"": 2}",Single Family,1947.0,unkown
218,"{""architectureType"": ""Old Style"", ""cooling"": true, ""coolingType"": ""Central"", ""exteriorType"": ""Aluminum / Vinyl Siding"", ""floorCount"": 2, ""foundationType"": ""OTHER"", ""garage"": true, ""garageType"": ""Detached"", ""heating"": true, ""heatingType"": ""Central"", ""roofType"": ""Wood Shingle"", ""roomCount"": 7, ""unitCount"": 1}",Single Family,1927.0,unkown
219,"{""exteriorType"": ""Concrete Block"", ""floorCount"": 1, ""unitCount"": 1}",Single Family,1940.0,"0100:SINGLE FAM,GENERAL"
220,"{""cooling"": true, ""floorCount"": 1, ""foundationType"": ""Pier"", ""heating"": true, ""roofType"": ""Composition Shingle"", ""unitCount"": 1}",Single Family,1935.0,unkown
221,"""unkown""",Single Family,2024.0,unkown
222,"{""cooling"": true, ""coolingType"": ""Central"", ""exteriorType"": ""Brick Veneer"", ""fireplace"": true, ""floorCount"": 1, ""foundationType"": ""Slab / Mat / Raft"", ""garage"": true, ""garageSpaces"": 2, ""garageType"": ""Attached"", ""heating"": true, ""heatingType"": ""Central"", ""pool"": true, ""roofType"": ""Composition Shingle"", ""unitCount"": 1}",Single Family,1980.0,Z298
223,"{""architectureType"": ""Ranch"", ""cooling"": true, ""coolingType"": ""Commercial"", ""exteriorType"": ""Wood"", ""floorCount"": 1, ""foundationType"": ""Raised"", ""garage"": true, ""garageSpaces"": 2, ""garageType"": ""Attached"", ""heating"": true, ""heatingType"": ""Forced Air"", ""roofType"": ""Composition Shingle"", ""roomCount"": 8, ""unitCount"": 1}",Single Family,1982.0,unkown
224,"{""cooling"": true, ""coolingType"": ""Refrigeration"", ""fireplace"": true, ""floorCount"": 1, ""garage"": true, ""garageSpaces"": 1, ""garageType"": ""Garage"", ""unitCount"": 1}",Condo,1987.0,R-3
225,"{""architectureType"": ""Colonial"", ""cooling"": true, ""coolingType"": ""Central"", ""exteriorType"": ""Stucco"", ""fireplace"": true, ""floorCount"": 2, ""heating"": true, ""heatingType"": ""Central"", ""roomCount"": 9, ""unitCount"": 1, ""garage"": true, ""garageSpaces"": 1, ""garageType"": ""Detached""}",Single Family,1920.0,R3
226,"{""architectureType"": ""Ranch"", ""exteriorType"": ""OTHER"", ""floorCount"": 1, ""garage"": true, ""garageType"": ""Garage"", ""heating"": true, ""heatingType"": ""Hot Water"", ""roofType"": ""Asphalt"", ""roomCount"": 3, ""unitCount"": 1}",Single Family,1997.0,RES
227,"{""cooling"": true, ""coolingType"": ""Central"", ""exteriorType"": ""Wood"", ""floorCount"": 2, ""garage"": true, ""garageType"": ""Garage"", ""heating"": true, ""heatingType"": ""Central"", ""roomCount"": 7, ""unitCount"": 1}",Single Family,1985.0,POD
228,"{""cooling"": true, ""coolingType"": ""Fan Cooling"", ""exteriorType"": ""Brick"", ""fireplace"": true, ""fireplaceType"": ""Prefab"", ""floorCount"": 1, ""foundationType"": ""Slab"", ""heating"": true, ""heatingType"": ""Forced Air"", ""roofType"": ""Asphalt"", ""unitCount"": 1}",Single Family,2000.0,unkown
229,"{""architectureType"": ""Raised Ranch"", ""cooling"": true, ""coolingType"": ""Commercial"", ""exteriorType"": ""Aluminum / Vinyl Siding"", ""floorCount"": 1, ""garage"": true, ""garageSpaces"": 1, ""garageType"": ""Basement"", ""heating"": true, ""heatingType"": ""Coal"", ""roofType"": ""Asphalt"", ""roomCount"": 7, ""unitCount"": 1}",Single Family,1989.0,S2
230,"{""floorCount"": 2, ""garage"": true, ""garageType"": ""Mixed""}",Single Family,2020.0,unkown
231,"{""architectureType"": ""Ranch"", ""exteriorType"": ""Wood"", ""floorCount"": 1, ""garage"": true, ""garageSpaces"": 1, ""garageType"": ""Garage"", ""heating"": true, ""heatingType"": ""Baseboard"", ""roofType"": ""Asphalt"", ""unitCount"": 1}",Single Family,1979.0,PRRC
232,"{""cooling"": true, ""coolingType"": ""Commercial"", ""exteriorType"": ""Brick"", ""floorCount"": 1, ""garage"": true, ""garageType"": ""Attached"", ""heating"": true, ""heatingType"": ""Forced Air"", ""roofType"": ""Asphalt"", ""roomCount"": 6}",Single Family,1967.0,R-1-C
233,"{""cooling"": true, ""coolingType"": ""Central"", ""exteriorType"": ""Wood"", ""fireplace"": true, ""fireplaceType"": ""Masonry"", ""floorCount"": 2, ""garage"": true, ""garageType"": ""Garage""}",Single Family,1940.0,OI
234,"{""cooling"": true, ""coolingType"": ""Commercial"", ""exteriorType"": ""Other"", ""floorCount"": 1, ""foundationType"": ""OTHER"", ""garage"": true, ""garageType"": ""Attached"", ""heating"": true, ""heatingType"": ""Central"", ""roofType"": ""Tile"", ""unitCount"": 1}",Single Family,2005.0,unkown
235,"{""architectureType"": ""Bungalow"", ""cooling"": true, ""coolingType"": ""Central"", ""exteriorType"": ""Wood"", ""floorCount"": 1, ""garage"": true, ""garageType"": ""Detached"", ""roofType"": ""Shingle"", ""unitCount"": 1}",Single Family,1971.0,unkown
236,{},Condo,0.0,unkown
237,"{""architectureType"": ""Colonial"", ""cooling"": true, ""coolingType"": ""Central"", ""exteriorType"": ""Aluminum / Vinyl Siding"", ""fireplace"": true, ""floorCount"": 2, ""foundationType"": ""OTHER"", ""garage"": true, ""garageSpaces"": 1, ""garageType"": ""Mixed"", ""heating"": true, ""heatingType"": ""Central"", ""roofType"": ""Other"", ""roomCount"": 8, ""unitCount"": 1}",Single Family,1929.0,unkown
238,"{""cooling"": true, ""coolingType"": ""Commercial"", ""exteriorType"": ""Combination"", ""fireplace"": true, ""fireplaceType"": ""Single"", ""floorCount"": 2, ""foundationType"": ""OTHER"", ""garage"": true, ""garageType"": ""Attached"", ""heating"": true, ""heatingType"": ""Forced Air"", ""unitCount"": 1}",Single Family,1996.0,unkown
239,"{""fireplace"": true, ""floorCount"": 1, ""garage"": true, ""garageSpaces"": 1, ""garageType"": ""Garage"", ""roomCount"": 4, ""unitCount"": 1}",Single Family,1937.0,R1-8
240,"{""cooling"": true, ""coolingType"": ""Central"", ""fireplace"": true, ""floorCount"": 1, ""garage"": true, ""garageType"": ""Attached"", ""heating"": true, ""heatingType"": ""Baseboard"", ""roomCount"": 6, ""unitCount"": 1, ""viewType"": ""Average""}",Single Family,1991.0,R
241,"{""architectureType"": ""Conventional"", ""cooling"": true, ""coolingType"": ""Central"", ""exteriorType"": ""Stucco"", ""floorCount"": 2, ""foundationType"": ""Raised"", ""garage"": true, ""garageType"": ""Detached"", ""heating"": true, ""heatingType"": ""Central"", ""roofType"": ""Asphalt"", ""roomCount"": 9}",Single Family,1925.0,R-8
242,"{""architectureType"": ""Ranch"", ""cooling"": true, ""coolingType"": ""Central"", ""exteriorType"": ""Stucco"", ""floorCount"": 1, ""garage"": true, ""garageType"": ""Attached"", ""heating"": true, ""heatingType"": ""Forced Air"", ""roofType"": ""Asphalt"", ""unitCount"": 1}",Single Family,2007.0,RS-1
243,"{""architectureType"": ""Condo / Apartment"", ""exteriorType"": ""Brick"", ""floorCount"": 2, ""roomCount"": 6, ""unitCount"": 1, ""viewType"": ""Average""}",Single Family,1915.0,RSA5
244,"{""architectureType"": ""Other"", ""cooling"": true, ""fireplace"": true, ""floorCount"": 2, ""heating"": true, ""heatingType"": ""Forced Air"", ""roomCount"": 5}",Condo,2017.0,unkown
245,"{""unitCount"": 1}",Single Family,0.0,unkown
246,"""unkown""",Single Family,1986.0,unkown
247,"""unkown""",Condo,2021.0,unkown
248,"{""exteriorType"": ""Brick"", ""floorCount"": 2, ""roomCount"": 6, ""unitCount"": 1, ""viewType"": ""Average""}",Single Family,1925.0,RSA5
249,"{""architectureType"": ""Colonial"", ""exteriorType"": ""Brick"", ""floorCount"": 2, ""garage"": true, ""garageSpaces"": 1, ""garageType"": ""Garage"", ""heating"": true, ""heatingType"": ""Central"", ""roofType"": ""Shingle"", ""roomCount"": 7, ""unitCount"": 1}",Single Family,1955.0,unkown
250,"{""cooling"": true, ""coolingType"": ""Central"", ""exteriorType"": ""Aluminum / Vinyl Siding"", ""floorCount"": 1, ""foundationType"": ""OTHER"", ""heating"": true, ""heatingType"": ""Heat Pump"", ""roofType"": ""Gravel"", ""unitCount"": 1}",Single Family,1999.0,unkown
251,"{""architectureType"": ""Ranch"", ""cooling"": true, ""coolingType"": ""Commercial"", ""exteriorType"": ""OTHER"", ""fireplace"": true, ""floorCount"": 1, ""foundationType"": ""Raised"", ""heating"": true, ""heatingType"": ""Forced Air"", ""roofType"": ""Composition Shingle"", ""roomCount"": 4, ""unitCount"": 1}",Single Family,1940.0,RA200-AGRICULTURE/RES
252,"""unkown""",Apartment,2017.0,unkown
253,"{""architectureType"": ""Bungalow"", ""cooling"": true, ""coolingType"": ""Commercial"", ""exteriorType"": ""Aluminum / Vinyl Siding"", ""fireplace"": true, ""floorCount"": 2, ""garage"": true, ""garageSpaces"": 2, ""garageType"": ""Detached"", ""heating"": true, ""heatingType"": ""Forced Air"", ""roofType"": ""Asphalt"", ""roomCount"": 8, ""unitCount"": 1}",Single Family,1921.0,RI
254,"{""architectureType"": ""Split Level"", ""cooling"": true, ""coolingType"": ""Central"", ""exteriorType"": ""Brick"", ""fireplace"": true, ""floorCount"": 1, ""foundationType"": ""Slab / Mat / Raft"", ""garage"": true, ""garageSpaces"": 3, ""garageType"": ""Attached"", ""heating"": true, ""heatingType"": ""Central"", ""pool"": true, ""roofType"": ""Roll Composition"", ""roomCount"": 7, ""unitCount"": 1}",Single Family,2011.0,unkown
255,"{""architectureType"": ""Condo / Apartment"", ""pool"": true, ""poolType"": ""Community Pool"", ""roomCount"": 6, ""unitCount"": 1}",Condo,1999.0,unkown
256,"{""cooling"": true, ""coolingType"": ""Central"", ""exteriorType"": ""Aluminum / Vinyl Siding"", ""fireplace"": true, ""fireplaceType"": ""Prefab"", ""floorCount"": 2, ""foundationType"": ""Footing"", ""garage"": true, ""garageSpaces"": 2, ""garageType"": ""Attached"", ""heating"": true, ""heatingType"": ""Forced Air"", ""roofType"": ""Composition Shingle"", ""unitCount"": 1, ""pool"": true, ""poolType"": ""Community Pool""}",Single Family,2001.0,RM-1
257,"{""cooling"": true, ""coolingType"": ""Central"", ""exteriorType"": ""Wood"", ""fireplace"": true, ""floorCount"": 1, ""foundationType"": ""Pier / Post & Beam"", ""heating"": true, ""heatingType"": ""Forced Air"", ""roofType"": ""Metal"", ""roomCount"": 6, ""unitCount"": 1}",Single Family,1900.0,unkown
258,"{""garage"": true, ""garageType"": ""Attached"", ""unitCount"": 1}",Single Family,1980.0,unkown
259,"{""architectureType"": ""Conventional"", ""garage"": true, ""garageSpaces"": 1, ""garageType"": ""Carport"", ""heating"": true, ""heatingType"": ""Floor / Wall"", ""roomCount"": 8, ""unitCount"": 1}",Single Family,1952.0,LAR1
260,"{""architectureType"": ""Cape Cod"", ""cooling"": true, ""coolingType"": ""Central"", ""exteriorType"": ""Brick"", ""fireplace"": true, ""floorCount"": 1, ""garage"": true, ""garageSpaces"": 1, ""garageType"": ""Garage"", ""heating"": true, ""heatingType"": ""Central"", ""roofType"": ""Shingle"", ""roomCount"": 9, ""unitCount"": 1}",Single Family,1963.0,unkown
261,"{""cooling"": true, ""coolingType"": ""Central"", ""exteriorType"": ""Wood"", ""fireplace"": true, ""floorCount"": 2, ""foundationType"": ""Masonry"", ""garage"": true, ""garageType"": ""Garage"", ""heating"": true, ""heatingType"": ""Central"", ""roofType"": ""Wood Shake / Shingle""}",Single Family,2007.0,R2
262,"{""architectureType"": ""Split Level"", ""cooling"": true, ""coolingType"": ""Central"", ""exteriorType"": ""Stucco"", ""floorCount"": 2, ""garage"": true, ""garageSpaces"": 2, ""garageType"": ""Attached"", ""heating"": true, ""heatingType"": ""Forced Air"", ""roomCount"": 7, ""unitCount"": 1}",Single Family,1973.0,R
263,"{""architectureType"": ""European"", ""cooling"": true, ""coolingType"": ""Central"", ""exteriorType"": ""Wood"", ""floorCount"": 1, ""heating"": true, ""heatingType"": ""Forced Air"", ""roofType"": ""Metal"", ""unitCount"": 1, ""foundationType"": ""Pier / Post & Beam""}",Manufactured,1989.0,unkown
264,"{""cooling"": true, ""coolingType"": ""Commercial"", ""exteriorType"": ""Wood"", ""fireplace"": true, ""floorCount"": 1, ""garage"": true, ""garageType"": ""Attached"", ""heating"": true}",Single Family,2018.0,R-4
265,"{""cooling"": true, ""coolingType"": ""Central"", ""exteriorType"": ""Siding"", ""floorCount"": 2, ""foundationType"": ""Pier / Post & Beam"", ""roofType"": ""Composition Shingle"", ""unitCount"": 1}",Single Family,2004.0,unkown
266,"{""exteriorType"": ""Wood"", ""fireplace"": true, ""fireplaceType"": ""Gas Log"", ""foundationType"": ""Footing"", ""garage"": true, ""garageType"": ""Garage"", ""heating"": true, ""heatingType"": ""Forced Air"", ""roofType"": ""Wood Shingle"", ""unitCount"": 1}",Single Family,1997.0,R-4.5
267,"{""architectureType"": ""Colonial"", ""cooling"": true, ""coolingType"": ""Central"", ""exteriorType"": ""Brick"", ""floorCount"": 2, ""garage"": true, ""garageSpaces"": 1, ""garageType"": ""Garage"", ""heating"": true, ""heatingType"": ""Central"", ""roofType"": ""Shingle"", ""roomCount"": 6, ""unitCount"": 1}",Single Family,1935.0,unkown
268,"{""exteriorType"": ""Wood"", ""floorCount"": 1, ""unitCount"": 1}",Single Family,1990.0,R1
269,"{""architectureType"": ""Modern"", ""cooling"": true, ""coolingType"": ""Central"", ""fireplace"": true, ""floorCount"": 2, ""garage"": true, ""garageSpaces"": 2, ""garageType"": ""Attached"", ""heating"": true, ""heatingType"": ""Central"", ""pool"": true, ""poolType"": ""Pool and Hot Tub / Spa"", ""roofType"": ""Tile"", ""roomCount"": 7, ""unitCount"": 1}",Single Family,1986.0,unkown
270,"{""cooling"": true, ""coolingType"": ""Central"", ""exteriorType"": ""Stucco"", ""fireplace"": true, ""fireplaceType"": ""2 Story"", ""floorCount"": 1, ""foundationType"": ""Raised"", ""garage"": true, ""garageType"": ""Garage"", ""heating"": true, ""heatingType"": ""Forced Air"", ""roofType"": ""Wood"", ""unitCount"": 1}",Single Family,1992.0,GR
271,"{""architectureType"": ""Condo / Apartment"", ""cooling"": true, ""coolingType"": ""Commercial"", ""exteriorType"": ""Brick"", ""fireplace"": true, ""floorCount"": 2, ""garage"": true, ""garageType"": ""Garage"", ""heating"": true, ""heatingType"": ""Forced Air"", ""roomCount"": 11}",Condo,1999.0,KI
272,"{""architectureType"": ""Conventional"", ""cooling"": true, ""coolingType"": ""Central"", ""exteriorType"": ""Aluminum / Vinyl Siding"", ""floorCount"": 1, ""foundationType"": ""Crawl / Raised"", ""heating"": true, ""heatingType"": ""Central""}",Single Family,1900.0,unkown
273,"{""architectureType"": ""Cape Cod"", ""cooling"": true, ""coolingType"": ""Commercial"", ""exteriorType"": ""Aluminum / Vinyl Siding"", ""floorCount"": 2, ""garage"": true, ""garageType"": ""Garage"", ""heating"": true, ""heatingType"": ""Forced Air"", ""roofType"": ""Asphalt"", ""roomCount"": 7, ""unitCount"": 2}",Single Family,1915.0,RS-4
274,"{""architectureType"": ""Contemporary"", ""cooling"": true, ""coolingType"": ""Central"", ""exteriorType"": ""Stucco"", ""fireplace"": true, ""floorCount"": 2, ""garage"": true, ""garageSpaces"": 2, ""garageType"": ""Garage"", ""heating"": true, ""heatingType"": ""Central"", ""roofType"": ""Composition Shingle"", ""unitCount"": 1}",Single Family,2016.0,RS-50
275,"{""architectureType"": ""Condo / Apartment""}",Condo,2005.0,RAC-CC
276,"{""cooling"": true, ""coolingType"": ""Central"", ""exteriorType"": ""Brick"", ""floorCount"": 2, ""foundationType"": ""Raised"", ""roofType"": ""Asphalt"", ""roomCount"": 5}",Single Family,2005.0,3
277,"""unkown""",Single Family,1989.0,unkown
278,"{""cooling"": true, ""coolingType"": ""Package"", ""fireplace"": true, ""floorCount"": 1, ""garage"": true, ""garageType"": ""Attached"", ""heating"": true}",Single Family,1993.0,R-1 CL FPS
279,"{""architectureType"": ""Split Level"", ""cooling"": true, ""coolingType"": ""Commercial"", ""exteriorType"": ""Brick"", ""fireplace"": true, ""fireplaceType"": ""2 Story"", ""floorCount"": 2, ""garage"": true, ""garageType"": ""Attached"", ""heating"": true, ""heatingType"": ""Steam"", ""pool"": true, ""poolType"": ""Pool, Plastic w/ Vinyl Lining"", ""roofType"": ""Composition Shingle"", ""unitCount"": 1}",Single Family,1978.0,RR
280,"{""architectureType"": ""Conventional"", ""cooling"": true, ""coolingType"": ""Commercial"", ""exteriorType"": ""Wood"", ""fireplace"": true, ""floorCount"": 1, ""garage"": true, ""garageType"": ""Garage"", ""heating"": true, ""heatingType"": ""Forced Air"", ""roofType"": ""Composition Shingle"", ""unitCount"": 1}",Single Family,1972.0,R90
281,"{""architectureType"": ""Conventional"", ""cooling"": true, ""coolingType"": ""Commercial"", ""floorCount"": 2, ""garage"": true, ""garageSpaces"": 1, ""garageType"": ""Garage"", ""heating"": true, ""heatingType"": ""Central"", ""roomCount"": 11, ""unitCount"": 1}",Single Family,1965.0,LARS
282,"{""architectureType"": ""Ranch"", ""cooling"": true, ""coolingType"": ""Central"", ""exteriorType"": ""Brick"", ""floorCount"": 1, ""foundationType"": ""Raised"", ""garage"": true, ""garageSpaces"": 2, ""garageType"": ""Attached"", ""heating"": true, ""heatingType"": ""Central"", ""roofType"": ""Roll Composition"", ""roomCount"": 5, ""unitCount"": 1}",Single Family,1957.0,unkown
283,"{""cooling"": true, ""coolingType"": ""Central"", ""fireplace"": true, ""floorCount"": 2, ""foundationType"": ""Slab / Mat / Raft"", ""garage"": true, ""garageSpaces"": 3, ""garageType"": ""Attached"", ""heating"": true, ""heatingType"": ""Central"", ""roofType"": ""Tile"", ""roomCount"": 7, ""unitCount"": 1}",Single Family,2004.0,RD-5
284,"{""cooling"": true, ""coolingType"": ""Central"", ""fireplace"": true, ""floorCount"": 1, ""garage"": true, ""garageType"": ""Attached"", ""heating"": true, ""heatingType"": ""Central"", ""roomCount"": 6, ""unitCount"": 1}",Single Family,1993.0,unkown
285,"{""architectureType"": ""Ranch"", ""cooling"": true, ""coolingType"": ""Commercial"", ""exteriorType"": ""Aluminum / Vinyl Siding"", ""fireplace"": true, ""heating"": true, ""heatingType"": ""Forced Air"", ""roofType"": ""Shingle"", ""roomCount"": 5, ""unitCount"": 1}",Single Family,1995.0,R-6
286,"{""cooling"": true, ""coolingType"": ""Commercial"", ""exteriorType"": ""Vinyl"", ""fireplace"": true, ""floorCount"": 2, ""foundationType"": ""Brick"", ""garage"": true, ""garageSpaces"": 2, ""garageType"": ""Garage"", ""heating"": true, ""heatingType"": ""Forced Air"", ""roofType"": ""Composition Shingle"", ""roomCount"": 9}",Single Family,2000.0,SINGLE FAMILY RESIDENTIAL
287,"{""floorCount"": 1, ""garage"": true, ""garageSpaces"": 1, ""garageType"": ""Garage"", ""heating"": true, ""heatingType"": ""Central"", ""roomCount"": 5, ""unitCount"": 1}",Single Family,1950.0,R1
288,"{""cooling"": true, ""coolingType"": ""Package"", ""fireplace"": true, ""fireplaceType"": ""Single"", ""floorCount"": 1, ""garage"": true, ""garageType"": ""Attached"", ""heating"": true, ""heatingType"": ""Floor / Wall"", ""roomCount"": 7, ""unitCount"": 1}",Single Family,1959.0,R-1
289,"{""architectureType"": ""Ranch / Rambler"", ""exteriorType"": ""Masonry"", ""fireplace"": true, ""floorCount"": 1, ""garage"": true, ""garageSpaces"": 5, ""garageType"": ""Mixed"", ""heating"": true, ""heatingType"": ""Hot Water"", ""roomCount"": 10, ""unitCount"": 1}",Single Family,1978.0,AP
290,"{""architectureType"": ""Split Level"", ""exteriorType"": ""Aluminum / Vinyl Siding"", ""floorCount"": 2, ""foundationType"": ""Concrete Block"", ""heating"": true, ""heatingType"": ""Heat Pump"", ""roofType"": ""Shingle"", ""roomCount"": 7}",Single Family,2002.0,R-1S
291,"{""cooling"": true, ""coolingType"": ""Central"", ""fireplace"": true, ""floorCount"": 1, ""garage"": true, ""garageSpaces"": 2, ""garageType"": ""Attached Garage"", ""heating"": true, ""heatingType"": ""Central"", ""roofType"": ""Tile"", ""unitCount"": 1}",Single Family,2000.0,PCD
292,{},Manufactured,2004.0,unkown
293,"{""architectureType"": ""Colonial"", ""cooling"": true, ""coolingType"": ""Central"", ""exteriorType"": ""Stone"", ""fireplace"": true, ""fireplaceType"": ""Prefab"", ""floorCount"": 2, ""garage"": true, ""garageType"": ""Garage"", ""heating"": true, ""heatingType"": ""Forced Air"", ""roomCount"": 8, ""unitCount"": 1}",Single Family,1998.0,AG1
294,"{""architectureType"": ""High Rise"", ""cooling"": true, ""coolingType"": ""Commercial"", ""exteriorType"": ""Glass"", ""floorCount"": 1, ""heating"": true, ""heatingType"": ""Forced Air"", ""roomCount"": 4}",Condo,2013.0,CD
295,"{""architectureType"": ""Conventional"", ""cooling"": true, ""coolingType"": ""Central"", ""exteriorType"": ""Aluminum / Vinyl Siding"", ""floorCount"": 1, ""garage"": true, ""garageType"": ""Detached"", ""heating"": true, ""heatingType"": ""Forced Air"", ""roomCount"": 5, ""unitCount"": 1}",Single Family,1941.0,40-R2
296,"{""floorCount"": 1, ""unitCount"": 1}",Single Family,2004.0,RMF-6-BMUD-R1
297,"{""cooling"": true, ""coolingType"": ""Central"", ""exteriorType"": ""Aluminum / Vinyl Siding"", ""fireplace"": true, ""fireplaceType"": ""Prefab"", ""floorCount"": 2, ""foundationType"": ""Slab / Mat / Raft"", ""heating"": true, ""heatingType"": ""Forced Air"", ""roofType"": ""Asphalt"", ""unitCount"": 1}",Single Family,1990.0,R-3
298,"{""cooling"": true, ""coolingType"": ""Central"", ""floorCount"": 3, ""garage"": true, ""garageSpaces"": 2, ""garageType"": ""Attached Garage"", ""heating"": true, ""heatingType"": ""Floor / Wall""}",Single Family,2016.0,R1
299,"{""cooling"": true, ""coolingType"": ""Central"", ""exteriorType"": ""Stone"", ""floorCount"": 1, ""foundationType"": ""Pier / Post & Beam"", ""heating"": true, ""heatingType"": ""Central"", ""roofType"": ""Composition Shingle"", ""unitCount"": 1}",Single Family,1951.0,unkown
300,"{""architectureType"": ""Ranch"", ""exteriorType"": ""Wood"", ""floorCount"": 1, ""unitCount"": 1}",Single Family,1965.0,R7-5
301,"{""cooling"": true, ""coolingType"": ""Central"", ""exteriorType"": ""Brick Veneer"", ""floorCount"": 1, ""heating"": true, ""heatingType"": ""Heat Pump"", ""roofType"": ""Shingle"", ""roomCount"": 4}",Condo,2004.0,CH
302,"{""floorCount"": 1, ""heating"": true, ""heatingType"": ""Floor / Wall"", ""unitCount"": 1}",Single Family,1961.0,LAR2
303,"{""fireplace"": true, ""floorCount"": 2, ""garage"": true, ""garageSpaces"": 1, ""garageType"": ""Detached"", ""heating"": true, ""heatingType"": ""Forced Air"", ""unitCount"": 1}",Single Family,1924.0,NR3
304,"{""architectureType"": ""Condo / Apartment"", ""unitCount"": 1, ""garage"": true, ""garageSpaces"": 1}",Condo,2007.0,5000:HOTELS&MOTELS-GEN
305,"{""exteriorType"": ""Siding"", ""fireplace"": true, ""garage"": true, ""garageSpaces"": 2, ""garageType"": ""Garage"", ""heating"": true, ""heatingType"": ""Forced Air"", ""unitCount"": 1, ""floorCount"": 2}",Single Family,1971.0,R-4
306,"{""architectureType"": ""Ranch"", ""exteriorType"": ""Aluminum / Vinyl Siding"", ""fireplace"": true, ""floorCount"": 1, ""heating"": true, ""heatingType"": ""Baseboard"", ""unitCount"": 1}",Single Family,1960.0,unkown
307,"{""cooling"": true, ""coolingType"": ""Central"", ""fireplace"": true, ""floorCount"": 1, ""foundationType"": ""Slab / Mat / Raft"", ""garage"": true, ""garageSpaces"": 2, ""garageType"": ""Attached"", ""heating"": true, ""heatingType"": ""Central"", ""roofType"": ""Wood Shingle"", ""roomCount"": 6, ""unitCount"": 1}",Single Family,2002.0,RD-7
308,"{""exteriorType"": ""Brick Veneer"", ""foundationType"": ""Slab / Mat / Raft"", ""roofType"": ""Shingle"", ""roomCount"": 8}",Single Family,2014.0,PUD
309,"{""cooling"": true, ""coolingType"": ""Central"", ""exteriorType"": ""Brick Veneer"", ""floorCount"": 1, ""garage"": true, ""garageType"": ""Mixed"", ""heating"": true, ""heatingType"": ""Forced Air"", ""roofType"": ""Composition Shingle"", ""unitCount"": 1}",Single Family,1978.0,RR-ACRE
310,"{""garage"": true, ""garageType"": ""Garage"", ""unitCount"": 1}",Single Family,1994.0,unkown
311,"{""cooling"": true, ""coolingType"": ""Commercial"", ""floorCount"": 1, ""garage"": true, ""garageSpaces"": 1, ""garageType"": ""Garage"", ""heating"": true, ""unitCount"": 1}",Single Family,1953.0,unkown
312,"{""architectureType"": ""Condo / Apartment"", ""floorCount"": 2, ""unitCount"": 1, ""viewType"": ""Lake, Corner""}",Condo,1985.0,unkown
313,"""unkown""",Single Family,2022.0,unkown
314,"{""architectureType"": ""Ranch"", ""cooling"": true, ""coolingType"": ""Central"", ""exteriorType"": ""Other"", ""fireplace"": true, ""floorCount"": 1, ""garage"": true, ""garageSpaces"": 1, ""garageType"": ""Garage"", ""heating"": true, ""heatingType"": ""Forced Air"", ""roomCount"": 6, ""unitCount"": 1, ""foundationType"": ""Raised""}",Single Family,1962.0,R-4
315,"""unkown""",Condo,1939.0,unkown
316,"{""exteriorType"": ""Concrete Block"", ""fireplace"": true, ""floorCount"": 1, ""garage"": true, ""garageSpaces"": 1, ""garageType"": ""Attached Garage"", ""heating"": true, ""roofType"": ""Gravel / Rock"", ""roomCount"": 4, ""unitCount"": 1}",Single Family,1953.0,R1
317,"{""architectureType"": ""Contemporary"", ""cooling"": true, ""coolingType"": ""Central"", ""exteriorType"": ""Stucco"", ""floorCount"": 2, ""garage"": true, ""garageSpaces"": 2, ""garageType"": ""Garage"", ""heating"": true, ""heatingType"": ""Central"", ""roofType"": ""Composition Shingle"", ""unitCount"": 1, ""pool"": true, ""poolType"": ""Pool and Hot Tub / Spa""}",Single Family,2006.0,PD
318,"{""architectureType"": ""Ranch / Rambler"", ""floorCount"": 1, ""heating"": true, ""heatingType"": ""Forced Air""}",Single Family,2019.0,unkown
319,"{""architectureType"": ""Colonial"", ""cooling"": true, ""coolingType"": ""Commercial"", ""exteriorType"": ""OTHER"", ""fireplace"": true, ""floorCount"": 2, ""garage"": true, ""garageType"": ""Attached"", ""heating"": true, ""heatingType"": ""Central"", ""roomCount"": 11, ""unitCount"": 1}",Single Family,1938.0,R12
320,"{""cooling"": true, ""coolingType"": ""Commercial"", ""exteriorType"": ""Stucco"", ""floorCount"": 1, ""garage"": true, ""garageType"": ""Garage"", ""heating"": true, ""heatingType"": ""Forced Air"", ""roofType"": ""Tile"", ""unitCount"": 1}",Single Family,1994.0,RS
321,"{""cooling"": true, ""coolingType"": ""Central"", ""exteriorType"": ""Brick Veneer"", ""fireplace"": true, ""fireplaceType"": ""Prefab"", ""floorCount"": 2, ""foundationType"": ""Slab / Mat / Raft"", ""garage"": true, ""garageType"": ""Garage"", ""heating"": true, ""heatingType"": ""Electric"", ""roofType"": ""Composition Shingle"", ""unitCount"": 1}",Single Family,2008.0,unkown
322,"{""architectureType"": ""Condo / Apartment"", ""unitCount"": 1}",Condo,1974.0,R-1:SINGLE FAM-RES
323,"{""exteriorType"": ""Concrete Block"", ""floorCount"": 1, ""roofType"": ""Other"", ""unitCount"": 1}",Single Family,1947.0,"0100:SINGLE FAM,GENERAL"
324,"{""architectureType"": ""Colonial"", ""cooling"": true, ""exteriorType"": ""Wood Siding"", ""fireplace"": true, ""floorCount"": 2, ""heating"": true, ""heatingType"": ""Hot Water"", ""roofType"": ""Asphalt"", ""roomCount"": 6, ""unitCount"": 1}",Single Family,1986.0,R90
325,"{""floorCount"": 1, ""garage"": true, ""garageType"": ""Attached"", ""unitCount"": 1}",Single Family,2006.0,unkown
326,"{""cooling"": true, ""coolingType"": ""Central"", ""exteriorType"": ""Combination"", ""fireplace"": true, ""floorCount"": 1, ""foundationType"": ""Slab / Mat / Raft"", ""garage"": true, ""garageSpaces"": 1, ""garageType"": ""Garage"", ""heating"": true, ""heatingType"": ""Central"", ""unitCount"": 1}",Single Family,1984.0,unkown
327,"{""cooling"": true, ""coolingType"": ""Central"", ""exteriorType"": ""Concrete Block"", ""floorCount"": 1, ""garage"": true, ""garageType"": ""Carport"", ""heating"": true, ""heatingType"": ""Central"", ""roofType"": ""Composition Shingle"", ""unitCount"": 1}",Single Family,1975.0,RSC-6
328,"{""architectureType"": ""Traditional"", ""cooling"": true, ""coolingType"": ""Central"", ""exteriorType"": ""Brick Veneer"", ""fireplace"": true, ""floorCount"": 1, ""foundationType"": ""Slab / Mat / Raft"", ""garage"": true, ""garageSpaces"": 2, ""garageType"": ""Attached"", ""heating"": true, ""heatingType"": ""Central"", ""roomCount"": 6, ""unitCount"": 1}",Single Family,1983.0,unkown
329,"{""architectureType"": ""Ranch"", ""cooling"": true, ""coolingType"": ""Commercial"", ""exteriorType"": ""Aluminum / Vinyl Siding"", ""fireplace"": true, ""floorCount"": 1, ""heating"": true, ""heatingType"": ""Forced Air"", ""roofType"": ""Asphalt"", ""roomCount"": 5, ""unitCount"": 1}",Single Family,2008.0,RM-15
330,"{""architectureType"": ""Traditional"", ""cooling"": true, ""coolingType"": ""Central"", ""exteriorType"": ""Brick"", ""floorCount"": 1, ""foundationType"": ""Slab"", ""garage"": true, ""garageSpaces"": 2, ""garageType"": ""Attached Garage"", ""heating"": true, ""heatingType"": ""Heat Pump"", ""roofType"": ""Composition Shingle"", ""roomCount"": 5}",Single Family,1976.0,unkown
331,"{""architectureType"": ""Condo / Apartment"", ""exteriorType"": ""Brick"", ""floorCount"": 2, ""roomCount"": 6, ""unitCount"": 1, ""viewType"": ""Average""}",Condo,1920.0,RM1
332,"{""exteriorType"": ""OTHER"", ""fireplace"": true, ""fireplaceType"": ""Single"", ""floorCount"": 2, ""foundationType"": ""OTHER"", ""garage"": true, ""garageSpaces"": 1, ""garageType"": ""Attached"", ""heating"": true, ""heatingType"": ""Forced Air"", ""roofType"": ""Composition Shingle"", ""roomCount"": 8, ""unitCount"": 1}",Single Family,1972.0,unkown
333,"{""cooling"": true, ""coolingType"": ""Commercial"", ""exteriorType"": ""Brick Veneer"", ""fireplace"": true, ""floorCount"": 1, ""foundationType"": ""Slab"", ""heating"": true, ""heatingType"": ""Forced Air"", ""roofType"": ""Shingle (Not Wood)""}",Single Family,1999.0,unkown
334,"{""exteriorType"": ""Concrete Block"", ""floorCount"": 1, ""garage"": true, ""garageType"": ""Garage"", ""roofType"": ""Other"", ""unitCount"": 1}",Single Family,1951.0,"0100:SINGLE FAM,GENERAL"
335,"{""architectureType"": ""Condo / Apartment""}",Condo,1955.0,unkown
336,"{""exteriorType"": ""Other"", ""floorCount"": 2, ""heating"": true, ""heatingType"": ""Central"", ""roofType"": ""Shingle"", ""roomCount"": 5, ""unitCount"": 1, ""architectureType"": ""Traditional""}",Single Family,1910.0,unkown
337,"{""architectureType"": ""Traditional"", ""cooling"": true, ""coolingType"": ""Central"", ""exteriorType"": ""Brick"", ""fireplace"": true, ""floorCount"": 1, ""foundationType"": ""Concrete"", ""garage"": true, ""garageSpaces"": 2, ""garageType"": ""Carport"", ""heating"": true, ""heatingType"": ""Central"", ""roofType"": ""Asphalt"", ""roomCount"": 5, ""unitCount"": 1}",Single Family,1959.0,X
338,"{""architectureType"": ""Mobile Home"", ""cooling"": true, ""coolingType"": ""Central"", ""exteriorType"": ""Aluminum / Vinyl Siding"", ""fireplace"": true, ""fireplaceType"": ""Prefab"", ""floorCount"": 1, ""foundationType"": ""Pier / Post & Beam"", ""heating"": true, ""heatingType"": ""Central"", ""roofType"": ""Metal""}",Manufactured,2000.0,UNZONED RURAL
339,"{""architectureType"": ""Condo / Apartment"", ""exteriorType"": ""Brick"", ""floorCount"": 2, ""heating"": true, ""heatingType"": ""Forced Air"", ""roomCount"": 6, ""unitCount"": 1, ""viewType"": ""Average""}",Single Family,1925.0,RSA5
340,"{""architectureType"": ""Contemporary"", ""fireplace"": true, ""floorCount"": 2, ""garage"": true, ""garageSpaces"": 1, ""garageType"": ""Garage"", ""heating"": true, ""heatingType"": ""Forced Air"", ""pool"": true, ""roomCount"": 4, ""unitCount"": 1}",Single Family,1979.0,unkown
341,"{""architectureType"": ""Condo / Apartment"", ""exteriorType"": ""Wood"", ""floorCount"": 1, ""unitCount"": 1, ""viewType"": ""Average""}",Condo,1990.0,unkown
342,"{""cooling"": true, ""coolingType"": ""Central"", ""fireplace"": true, ""floorCount"": 1, ""garage"": true, ""garageSpaces"": 2, ""garageType"": ""Attached Garage"", ""heating"": true, ""heatingType"": ""Central"", ""roofType"": ""Tile"", ""unitCount"": 1}",Single Family,2005.0,unkown
343,"{""architectureType"": ""Conventional"", ""cooling"": true, ""coolingType"": ""Central"", ""exteriorType"": ""Stone"", ""fireplace"": true, ""fireplaceType"": ""Masonry"", ""floorCount"": 2, ""garage"": true, ""garageType"": ""Detached"", ""heating"": true, ""heatingType"": ""Forced Air"", ""roomCount"": 14, ""unitCount"": 1, ""pool"": true, ""poolType"": ""Pool, Concrete""}",Single Family,1920.0,R3
344,"{""architectureType"": ""Contemporary"", ""cooling"": true, ""coolingType"": ""Central"", ""exteriorType"": ""Combination"", ""floorCount"": 2, ""foundationType"": ""Slab / Mat / Raft"", ""garage"": true, ""garageSpaces"": 2, ""garageType"": ""Attached"", ""heating"": true, ""heatingType"": ""Forced Air"", ""roofType"": ""Asphalt"", ""roomCount"": 6, ""unitCount"": 1}",Single Family,2008.0,unkown
345,"""unkown""",Single Family,1976.0,unkown
346,"""unkown""",unkown,0.0,unkown
347,"{""architectureType"": ""Ranch"", ""cooling"": true, ""coolingType"": ""Package"", ""exteriorType"": ""Aluminum / Vinyl Siding"", ""fireplace"": true, ""floorCount"": 1, ""foundationType"": ""Footing"", ""garage"": true, ""garageType"": ""Attached"", ""heating"": true, ""roofType"": ""Composition Shingle"", ""unitCount"": 1}",Single Family,2010.0,R-2
348,{},Single Family,1911.0,unkown
349,"{""cooling"": true, ""coolingType"": ""Central"", ""exteriorType"": ""Brick Veneer"", ""fireplace"": true, ""floorCount"": 1, ""foundationType"": ""Slab / Mat / Raft"", ""garage"": true, ""garageSpaces"": 2, ""garageType"": ""Attached"", ""heating"": true, ""heatingType"": ""Central"", ""roofType"": ""Composition Shingle"", ""unitCount"": 1}",Single Family,2000.0,unkown
350,"{""cooling"": true, ""coolingType"": ""Central"", ""floorCount"": 2, ""garage"": true, ""garageSpaces"": 2, ""garageType"": ""Detached"", ""heating"": true, ""heatingType"": ""Central"", ""pool"": true, ""unitCount"": 1}",Single Family,2014.0,unkown
351,"{""cooling"": true, ""coolingType"": ""Central"", ""exteriorType"": ""OTHER"", ""floorCount"": 1, ""foundationType"": ""Pier / Post & Beam"", ""garage"": true, ""garageSpaces"": 1, ""garageType"": ""Attached"", ""heating"": true, ""heatingType"": ""Central"", ""roofType"": ""Asphalt"", ""unitCount"": 1}",Single Family,1961.0,unkown
352,"{""cooling"": true, ""coolingType"": ""Commercial"", ""exteriorType"": ""Concrete Block"", ""floorCount"": 1, ""foundationType"": ""Slab / Mat / Raft"", ""garage"": true, ""garageType"": ""Attached"", ""heating"": true, ""heatingType"": ""Forced Air"", ""roofType"": ""Concrete"", ""roomCount"": 6, ""unitCount"": 1}",Single Family,2006.0,unkown
353,"{""cooling"": true, ""coolingType"": ""Commercial"", ""exteriorType"": ""Wood"", ""fireplace"": true, ""floorCount"": 1, ""foundationType"": ""Slab / Mat / Raft"", ""garage"": true, ""garageType"": ""Attached"", ""heating"": true, ""heatingType"": ""Forced Air"", ""roofType"": ""Composition Shingle"", ""unitCount"": 1}",Single Family,1981.0,R1A
354,"{""cooling"": true, ""coolingType"": ""Central"", ""fireplace"": true, ""fireplaceType"": ""Single"", ""floorCount"": 1, ""garage"": true, ""garageType"": ""Attached"", ""heating"": true, ""heatingType"": ""Central"", ""unitCount"": 1}",Single Family,1993.0,R1
355,"{""cooling"": true, ""coolingType"": ""Central"", ""exteriorType"": ""Vinyl"", ""floorCount"": 2, ""foundationType"": ""OTHER"", ""garage"": true, ""garageSpaces"": 1, ""garageType"": ""Garage"", ""heating"": true, ""heatingType"": ""Central"", ""roofType"": ""Composition Shingle"", ""unitCount"": 1, ""roomCount"": 3}",Single Family,2008.0,R2_NC
356,"{""cooling"": true, ""coolingType"": ""Central"", ""exteriorType"": ""Brick"", ""fireplace"": true, ""floorCount"": 2, ""foundationType"": ""Slab / Mat / Raft"", ""garage"": true, ""garageSpaces"": 1, ""garageType"": ""Attached"", ""heating"": true, ""heatingType"": ""Central"", ""roomCount"": 11, ""unitCount"": 1}",Single Family,2004.0,unkown
357,"{""cooling"": true, ""coolingType"": ""Central"", ""floorCount"": 1, ""foundationType"": ""Raised"", ""garage"": true, ""garageSpaces"": 3, ""garageType"": ""Attached"", ""heating"": true, ""heatingType"": ""Central"", ""pool"": true, ""roofType"": ""Asphalt"", ""roomCount"": 6}",Single Family,1953.0,unkown
358,"{""architectureType"": ""Conventional"", ""cooling"": true, ""coolingType"": ""Commercial"", ""exteriorType"": ""Brick"", ""fireplace"": true, ""fireplaceType"": ""1 Story Brick Chimney"", ""floorCount"": 1, ""garage"": true, ""garageSpaces"": 2, ""garageType"": ""Attached"", ""heating"": true, ""heatingType"": ""Steam"", ""roofType"": ""Composition Shingle"", ""unitCount"": 1}",Single Family,1979.0,unkown
359,"{""architectureType"": ""Conventional"", ""cooling"": true, ""coolingType"": ""Commercial"", ""fireplace"": true, ""floorCount"": 1, ""garage"": true, ""garageType"": ""Attached"", ""heating"": true, ""heatingType"": ""Package"", ""unitCount"": 1}",Single Family,2001.0,PDR 5.370
360,"{""cooling"": true, ""coolingType"": ""Commercial"", ""floorCount"": 3, ""garage"": true, ""garageSpaces"": 2, ""garageType"": ""Garage"", ""heating"": true, ""heatingType"": ""Forced Air"", ""roomCount"": 7}",Condo,2013.0,R3-TO
361,"{""architectureType"": ""Ranch"", ""exteriorType"": ""OTHER"", ""fireplace"": true, ""fireplaceType"": ""Single"", ""floorCount"": 1, ""foundationType"": ""OTHER"", ""garage"": true, ""garageSpaces"": 1, ""garageType"": ""Attached"", ""heating"": true, ""heatingType"": ""Forced Air"", ""roofType"": ""Composition Shingle"", ""roomCount"": 4, ""unitCount"": 1}",Single Family,1975.0,unkown
362,"""unkown""",Townhouse,1900.0,unkown
363,"{""architectureType"": ""Colonial"", ""cooling"": true, ""coolingType"": ""Central"", ""exteriorType"": ""Aluminum / Vinyl Siding"", ""fireplace"": true, ""fireplaceType"": ""Prefab"", ""floorCount"": 2, ""garage"": true, ""garageType"": ""Attached"", ""heating"": true, ""heatingType"": ""Central"", ""roomCount"": 7, ""unitCount"": 1}",Single Family,2001.0,R25
364,"{""cooling"": true, ""coolingType"": ""Central"", ""exteriorType"": ""Concrete Block"", ""floorCount"": 1, ""garage"": true, ""garageSpaces"": 1, ""garageType"": ""Carport"", ""heating"": true, ""heatingType"": ""Central"", ""pool"": true, ""poolType"": ""Pool, Concrete"", ""roofType"": ""Composition Shingle"", ""unitCount"": 1}",Single Family,1963.0,RSC-6
365,"{""architectureType"": ""Mobile Home"", ""cooling"": true, ""coolingType"": ""Commercial"", ""exteriorType"": ""Combination"", ""floorCount"": 1, ""heating"": true, ""heatingType"": ""Forced Air"", ""roofType"": ""Composition Shingle"", ""roomCount"": 5, ""unitCount"": 1}",Manufactured,2000.0,AGRICULTURAL
366,"{""roomCount"": 4, ""unitCount"": 1}",Single Family,1953.0,RMF
367,"{""architectureType"": ""Mobile Home""}",Manufactured,0.0,unkown
368,"{""cooling"": true, ""coolingType"": ""Central"", ""floorCount"": 2, ""garage"": true, ""garageSpaces"": 2, ""garageType"": ""Garage"", ""heating"": true, ""heatingType"": ""Central"", ""unitCount"": 1}",Single Family,1996.0,unkown
369,"{""architectureType"": ""Bungalow"", ""cooling"": true, ""coolingType"": ""Central"", ""exteriorType"": ""Aluminum / Vinyl Siding"", ""floorCount"": 1, ""garage"": true, ""garageType"": ""Detached"", ""heating"": true, ""heatingType"": ""Central"", ""roofType"": ""Wood Shingle"", ""roomCount"": 6, ""unitCount"": 1}",Single Family,1910.0,unkown
370,"{""architectureType"": ""Single Story"", ""cooling"": true, ""coolingType"": ""Central"", ""exteriorType"": ""Stucco"", ""floorCount"": 1, ""garage"": true, ""garageSpaces"": 1, ""garageType"": ""Attached"", ""heating"": true, ""heatingType"": ""Forced Air"", ""roofType"": ""Tile"", ""roomCount"": 7, ""unitCount"": 1}",Single Family,1998.0,unkown
371,"{""architectureType"": ""Ranch"", ""cooling"": true, ""coolingType"": ""Central"", ""exteriorType"": ""Brick Veneer"", ""floorCount"": 1, ""foundationType"": ""Slab / Mat / Raft"", ""garage"": true, ""garageSpaces"": 3, ""garageType"": ""Detached"", ""heating"": true, ""heatingType"": ""Forced Air"", ""roofType"": ""Asphalt"", ""unitCount"": 1}",Single Family,1967.0,unkown
372,"{""cooling"": true, ""coolingType"": ""Central"", ""floorCount"": 1, ""garage"": true, ""garageSpaces"": 1, ""garageType"": ""Garage"", ""roomCount"": 6, ""unitCount"": 1, ""architectureType"": ""Condo / Apartment""}",Condo,1965.0,unkown
373,"{""cooling"": true, ""coolingType"": ""Central"", ""exteriorType"": ""Aluminum / Vinyl Siding"", ""fireplace"": true, ""fireplaceType"": ""Prefab"", ""garage"": true, ""garageType"": ""Garage"", ""heating"": true, ""heatingType"": ""Heat Pump""}",Single Family,2018.0,RA-20
374,"{""exteriorType"": ""Metal"", ""floorCount"": 1, ""heating"": true, ""heatingType"": ""Forced Air"", ""roofType"": ""Metal""}",unkown,1990.0,AC
375,"{""architectureType"": ""Duplex"", ""cooling"": true, ""coolingType"": ""Commercial"", ""unitCount"": 2}",Duplex-Triplex,1922.0,LBR4R
376,"{""architectureType"": ""Ranch"", ""cooling"": true, ""coolingType"": ""Commercial"", ""exteriorType"": ""Aluminum / Vinyl Siding"", ""fireplace"": true, ""floorCount"": 1, ""garage"": true, ""garageSpaces"": 1, ""garageType"": ""Attached"", ""heating"": true, ""heatingType"": ""Forced Air"", ""unitCount"": 1}",Single Family,1947.0,R-3
377,"{""architectureType"": ""Colonial"", ""cooling"": true, ""coolingType"": ""Central"", ""exteriorType"": ""Aluminum / Vinyl Siding"", ""floorCount"": 2, ""garage"": true, ""garageSpaces"": 2, ""garageType"": ""Detached"", ""heating"": true, ""heatingType"": ""Forced Air"", ""roofType"": ""Asphalt"", ""roomCount"": 8, ""unitCount"": 1}",Single Family,1958.0,U-1
378,"{""architectureType"": ""Conventional"", ""exteriorType"": ""Brick"", ""fireplace"": true, ""floorCount"": 1, ""heating"": true, ""heatingType"": ""Forced Air""}",Single Family,1955.0,unkown
379,"{""exteriorType"": ""Brick Veneer"", ""fireplace"": true, ""floorCount"": 2, ""foundationType"": ""Block"", ""garage"": true, ""garageType"": ""Mixed"", ""roofType"": ""Composition Shingle"", ""unitCount"": 1}",Single Family,0.0,unkown
380,"{""architectureType"": ""Conventional"", ""cooling"": true, ""coolingType"": ""Central"", ""exteriorType"": ""Brick"", ""floorCount"": 1, ""garage"": true, ""garageSpaces"": 2, ""garageType"": ""Detached"", ""heating"": true, ""heatingType"": ""Central"", ""roomCount"": 6, ""unitCount"": 1}",Single Family,1940.0,unkown
381,"{""architectureType"": ""Ranch"", ""cooling"": true, ""coolingType"": ""Central"", ""exteriorType"": ""Aluminum Siding"", ""fireplace"": true, ""fireplaceType"": ""Single"", ""floorCount"": 1, ""garage"": true, ""garageType"": ""Garage"", ""heating"": true, ""heatingType"": ""Central"", ""roomCount"": 7, ""unitCount"": 1}",Single Family,1991.0,unkown
382,"{""cooling"": true, ""coolingType"": ""Commercial"", ""exteriorType"": ""Combination"", ""floorCount"": 1, ""foundationType"": ""Pier / Post & Beam"", ""garage"": true, ""garageType"": ""Garage"", ""heating"": true, ""heatingType"": ""Heat Pump"", ""roofType"": ""Asphalt""}",Single Family,2022.0,R1
383,"{""architectureType"": ""Condo / Apartment"", ""cooling"": true, ""coolingType"": ""Commercial"", ""exteriorType"": ""Brick"", ""floorCount"": 2, ""heating"": true, ""heatingType"": ""Forced Air"", ""roofType"": ""Metal"", ""roomCount"": 10, ""unitCount"": 1}",Townhouse,1925.0,R-3
384,"{""exteriorType"": ""Brick Veneer"", ""floorCount"": 1, ""foundationType"": ""Slab / Mat / Raft"", ""roomCount"": 6, ""unitCount"": 1, ""roofType"": ""Shingle""}",Single Family,2000.0,R-30
385,"{""cooling"": true, ""coolingType"": ""Commercial"", ""exteriorType"": ""Stucco"", ""floorCount"": 1, ""garage"": true, ""garageType"": ""Garage"", ""heating"": true, ""heatingType"": ""Forced Air"", ""pool"": true, ""roofType"": ""Composition Shingle"", ""unitCount"": 1}",Single Family,1985.0,RT
386,"{""architectureType"": ""Conventional"", ""cooling"": true, ""coolingType"": ""Central"", ""exteriorType"": ""Aluminum / Vinyl Siding"", ""fireplace"": true, ""floorCount"": 2, ""garage"": true, ""garageSpaces"": 1, ""garageType"": ""Underground / Basement"", ""heating"": true, ""roomCount"": 8, ""unitCount"": 1}",Single Family,1928.0,unkown
387,"{""cooling"": true, ""coolingType"": ""Central"", ""heating"": true, ""heatingType"": ""Central"", ""unitCount"": 1}",Single Family,2000.0,LVRSP86-16
